{
  "tasks_per_formation": {
    "f_3:1,4:1": [
      "O-168_L",
      "I-190_U",
      "I-167_U",
      "O-249_L",
      "I-265_U",
      "O-191_L",
      "O-247_L",
      "O-261_L",
      "O-295_L",
      "O-264_L"
    ],
    "f_3:2,4:2,5:2": [
      "I-252_U"
    ],
    "f_3:2,4:1": [
      "O-168_L",
      "I-190_U",
      "O-249_L",
      "I-265_U",
      "O-247_L",
      "I-263_U",
      "I-284_U",
      "O-261_L",
      "O-295_L",
      "O-264_L",
      "O-299_L",
      "O-289_L",
      "I-167_U",
      "O-191_L"
    ],
    "f_3:2,4:2": [
      "O-168_L",
      "O-299_L",
      "O-289_L",
      "I-167_U",
      "O-247_L",
      "I-263_U",
      "I-284_U",
      "O-264_L",
      "I-288_U"
    ],
    "f_3:3": [
      "I-259_U",
      "O-217_L",
      "I-141_U",
      "O-258_L",
      "I-137_U",
      "O-140_L",
      "O-59_L",
      "I-225_U",
      "O-15_L",
      "I-14_U"
    ],
    "f_3:2,4:1,5:1": [
      "I-252_U"
    ],
    "f_3:2": [
      "I-259_U",
      "O-217_L",
      "O-258_L",
      "O-59_L",
      "I-225_U",
      "O-15_L",
      "O-49_L",
      "O-181_L",
      "I-141_U",
      "I-137_U",
      "O-140_L",
      "I-174_U",
      "O-173_L",
      "I-14_U"
    ]
  },
  "modes": {
    "O-217_L": {
      "f_3:3": 4,
      "f_3:2": 5
    },
    "I-265_U": {
      "f_3:2,4:1": 3,
      "f_3:1,4:1": 4
    },
    "O-258_L": {
      "f_3:3": 3,
      "f_3:2": 5
    },
    "I-263_U": {
      "f_3:2,4:1": 4,
      "f_3:2,4:2": 3
    },
    "I-284_U": {
      "f_3:2,4:1": 4,
      "f_3:2,4:2": 3
    },
    "O-261_L": {
      "f_3:2,4:1": 3,
      "f_3:1,4:1": 4
    },
    "O-59_L": {
      "f_3:3": 3,
      "f_3:2": 6
    },
    "I-225_U": {
      "f_3:3": 3,
      "f_3:2": 4
    },
    "O-15_L": {
      "f_3:3": 3,
      "f_3:2": 4
    },
    "O-264_L": {
      "f_3:2,4:1": 4,
      "f_3:2,4:2": 3,
      "f_3:1,4:1": 6
    },
    "I-288_U": {
      "f_3:2,4:2": 3
    },
    "O-299_L": {
      "f_3:2,4:1": 4,
      "f_3:2,4:2": 3
    },
    "O-181_L": {
      "f_3:2": 2
    },
    "I-137_U": {
      "f_3:3": 3,
      "f_3:2": 4
    },
    "O-140_L": {
      "f_3:3": 3,
      "f_3:2": 4
    },
    "I-174_U": {
      "f_3:2": 3
    },
    "I-14_U": {
      "f_3:3": 3,
      "f_3:2": 4
    },
    "O-168_L": {
      "f_3:2,4:1": 4,
      "f_3:2,4:2": 3,
      "f_3:1,4:1": 5
    },
    "I-259_U": {
      "f_3:3": 3,
      "f_3:2": 4
    },
    "I-190_U": {
      "f_3:2,4:1": 3,
      "f_3:1,4:1": 4
    },
    "O-249_L": {
      "f_3:2,4:1": 3,
      "f_3:1,4:1": 4
    },
    "O-247_L": {
      "f_3:2,4:1": 4,
      "f_3:2,4:2": 3,
      "f_3:1,4:1": 5
    },
    "I-252_U": {
      "f_3:2,4:2,5:2": 6,
      "f_3:2,4:1,5:1": 10
    },
    "O-295_L": {
      "f_3:2,4:1": 3,
      "f_3:1,4:1": 4
    },
    "O-49_L": {
      "f_3:2": 3
    },
    "O-289_L": {
      "f_3:2,4:1": 4,
      "f_3:2,4:2": 3
    },
    "I-167_U": {
      "f_3:2,4:1": 4,
      "f_3:2,4:2": 3,
      "f_3:1,4:1": 5
    },
    "I-141_U": {
      "f_3:3": 2,
      "f_3:2": 3
    },
    "O-191_L": {
      "f_3:2,4:1": 3,
      "f_3:1,4:1": 4
    },
    "O-173_L": {
      "f_3:2": 3
    }
  },
  "depot": "depot",
  "instants": [
    95,
    96,
    97,
    98,
    99,
    100,
    101,
    102,
    103,
    104,
    105,
    106,
    107,
    108,
    109,
    110,
    111,
    112,
    113,
    114,
    115,
    116,
    117
  ],
  "begin_horizon": 95,
  "end_horizon": 118,
  "earliest_start": {
    "O-217_L": 97,
    "I-265_U": 100,
    "O-258_L": 106,
    "I-263_U": 108,
    "I-284_U": 101,
    "O-261_L": 103,
    "O-59_L": 104,
    "I-225_U": 100,
    "O-15_L": 106,
    "O-264_L": 107,
    "I-288_U": 99,
    "O-299_L": 99,
    "O-181_L": 107,
    "I-137_U": 106,
    "O-140_L": 97,
    "I-174_U": 96,
    "I-14_U": 101,
    "O-168_L": 103,
    "I-259_U": 101,
    "I-190_U": 97,
    "O-249_L": 101,
    "O-247_L": 102,
    "I-252_U": 105,
    "O-295_L": 105,
    "O-49_L": 99,
    "O-289_L": 103,
    "I-167_U": 96,
    "I-141_U": 101,
    "O-191_L": 107,
    "O-173_L": 101
  },
  "latest_start": {
    "O-217_L": 100,
    "I-265_U": 102,
    "O-258_L": 108,
    "I-263_U": 110,
    "I-284_U": 102,
    "O-261_L": 104,
    "O-59_L": 107,
    "I-225_U": 101,
    "O-15_L": 109,
    "O-264_L": 110,
    "I-288_U": 100,
    "O-299_L": 101,
    "O-181_L": 109,
    "I-137_U": 108,
    "O-140_L": 100,
    "I-174_U": 98,
    "I-14_U": 102,
    "O-168_L": 105,
    "I-259_U": 103,
    "I-190_U": 99,
    "O-249_L": 104,
    "O-247_L": 104,
    "I-252_U": 110,
    "O-295_L": 106,
    "O-49_L": 100,
    "O-289_L": 105,
    "I-167_U": 98,
    "I-141_U": 103,
    "O-191_L": 109,
    "O-173_L": 103
  },
  "weights": {
    "O-217_L": 2.0,
    "I-265_U": 2.0,
    "O-258_L": 2.0,
    "I-263_U": 2.0,
    "I-284_U": 2.0,
    "O-261_L": 2.0,
    "O-59_L": 2.0,
    "I-225_U": 2.0,
    "O-15_L": 1.0,
    "O-264_L": 2.0,
    "I-288_U": 2.0,
    "O-299_L": 2.0,
    "O-181_L": 1.0,
    "I-137_U": 1.0,
    "O-140_L": 1.0,
    "I-174_U": 1.0,
    "I-14_U": 1.0,
    "O-168_L": 2.0,
    "I-259_U": 2.0,
    "I-190_U": 2.0,
    "O-249_L": 2.0,
    "O-247_L": 2.0,
    "I-252_U": 3.0,
    "O-295_L": 2.0,
    "O-49_L": 1.0,
    "O-289_L": 2.0,
    "I-167_U": 2.0,
    "I-141_U": 1.0,
    "O-191_L": 2.0,
    "O-173_L": 1.0
  },
  "workers_w_d": {
    "3": 47,
    "4": 16,
    "5": 2
  },
  "earliest_finish": {
    "O-217_L": 101,
    "I-265_U": 103,
    "O-258_L": 109,
    "I-263_U": 111,
    "I-284_U": 104,
    "O-261_L": 106,
    "O-59_L": 107,
    "I-225_U": 103,
    "O-15_L": 109,
    "O-264_L": 110,
    "I-288_U": 102,
    "O-299_L": 102,
    "O-181_L": 109,
    "I-137_U": 109,
    "O-140_L": 100,
    "I-174_U": 99,
    "I-14_U": 104,
    "O-168_L": 106,
    "I-259_U": 104,
    "I-190_U": 100,
    "O-249_L": 104,
    "O-247_L": 105,
    "I-252_U": 111,
    "O-295_L": 108,
    "O-49_L": 102,
    "O-289_L": 106,
    "I-167_U": 99,
    "I-141_U": 103,
    "O-191_L": 110,
    "O-173_L": 104
  },
  "formations": {
    "f_3:1,4:1": {
      "3": 1,
      "4": 1
    },
    "f_3:2,4:2,5:2": {
      "3": 2,
      "4": 2,
      "5": 2
    },
    "f_3:2,4:1": {
      "3": 2,
      "4": 1
    },
    "f_3:2,4:2": {
      "3": 2,
      "4": 2
    },
    "f_3:3": {
      "3": 3
    },
    "f_3:2,4:1,5:1": {
      "3": 2,
      "4": 1,
      "5": 1
    },
    "f_3:2": {
      "3": 2
    }
  },
  "modesSpeedID": {
    "O-217_L": {
      "f_3:3": "f",
      "f_3:2": "s"
    },
    "I-265_U": {
      "f_3:2,4:1": "f",
      "f_3:1,4:1": "s"
    },
    "O-258_L": {
      "f_3:3": "f",
      "f_3:2": "s"
    },
    "I-263_U": {
      "f_3:2,4:1": "i",
      "f_3:2,4:2": "f"
    },
    "I-284_U": {
      "f_3:2,4:1": "i",
      "f_3:2,4:2": "f"
    },
    "O-261_L": {
      "f_3:2,4:1": "f",
      "f_3:1,4:1": "s"
    },
    "O-59_L": {
      "f_3:3": "f",
      "f_3:2": "s"
    },
    "I-225_U": {
      "f_3:3": "f",
      "f_3:2": "s"
    },
    "O-15_L": {
      "f_3:3": "f",
      "f_3:2": "s"
    },
    "O-264_L": {
      "f_3:2,4:1": "i",
      "f_3:2,4:2": "f",
      "f_3:1,4:1": "s"
    },
    "I-288_U": {
      "f_3:2,4:2": "f"
    },
    "O-299_L": {
      "f_3:2,4:1": "i",
      "f_3:2,4:2": "f"
    },
    "O-181_L": {
      "f_3:2": "s"
    },
    "I-137_U": {
      "f_3:3": "f",
      "f_3:2": "s"
    },
    "O-140_L": {
      "f_3:3": "f",
      "f_3:2": "s"
    },
    "I-174_U": {
      "f_3:2": "s"
    },
    "I-14_U": {
      "f_3:3": "f",
      "f_3:2": "s"
    },
    "O-168_L": {
      "f_3:2,4:1": "i",
      "f_3:2,4:2": "f",
      "f_3:1,4:1": "s"
    },
    "I-259_U": {
      "f_3:3": "f",
      "f_3:2": "s"
    },
    "I-190_U": {
      "f_3:2,4:1": "f",
      "f_3:1,4:1": "s"
    },
    "O-249_L": {
      "f_3:2,4:1": "f",
      "f_3:1,4:1": "s"
    },
    "O-247_L": {
      "f_3:2,4:1": "i",
      "f_3:2,4:2": "f",
      "f_3:1,4:1": "s"
    },
    "I-252_U": {
      "f_3:2,4:2,5:2": "f",
      "f_3:2,4:1,5:1": "i"
    },
    "O-295_L": {
      "f_3:2,4:1": "f",
      "f_3:1,4:1": "s"
    },
    "O-49_L": {
      "f_3:2": "s"
    },
    "O-289_L": {
      "f_3:2,4:1": "i",
      "f_3:2,4:2": "f"
    },
    "I-167_U": {
      "f_3:2,4:1": "i",
      "f_3:2,4:2": "f",
      "f_3:1,4:1": "s"
    },
    "I-141_U": {
      "f_3:3": "f",
      "f_3:2": "s"
    },
    "O-191_L": {
      "f_3:2,4:1": "f",
      "f_3:1,4:1": "s"
    },
    "O-173_L": {
      "f_3:2": "s"
    }
  },
  "formations_w_d": {
    "f_3:1,4:1": {
      "3": 2,
      "4": 1
    },
    "f_3:2,4:2,5:2": {
      "3": 6,
      "4": 4,
      "5": 2
    },
    "f_3:2,4:1": {
      "3": 3,
      "4": 1
    },
    "f_3:2,4:2": {
      "3": 4,
      "4": 2
    },
    "f_3:3": {
      "3": 3
    },
    "f_3:2,4:1,5:1": {
      "3": 4,
      "4": 2,
      "5": 1
    },
    "f_3:2": {
      "3": 2
    }
  },
  "latest_finish": {
    "O-217_L": 104,
    "I-265_U": 105,
    "O-258_L": 111,
    "I-263_U": 113,
    "I-284_U": 105,
    "O-261_L": 107,
    "O-59_L": 110,
    "I-225_U": 104,
    "O-15_L": 112,
    "O-264_L": 113,
    "I-288_U": 103,
    "O-299_L": 104,
    "O-181_L": 111,
    "I-137_U": 111,
    "O-140_L": 103,
    "I-174_U": 101,
    "I-14_U": 105,
    "O-168_L": 108,
    "I-259_U": 106,
    "I-190_U": 102,
    "O-249_L": 107,
    "O-247_L": 107,
    "I-252_U": 116,
    "O-295_L": 109,
    "O-49_L": 103,
    "O-289_L": 108,
    "I-167_U": 101,
    "I-141_U": 105,
    "O-191_L": 112,
    "O-173_L": 106
  },
  "travel_times": {
    "depot": {
      "O-217_L": 1,
      "I-265_U": 1,
      "O-258_L": 1,
      "I-263_U": 2,
      "I-284_U": 2,
      "O-261_L": 1,
      "O-59_L": 1,
      "I-225_U": 1,
      "O-15_L": 2,
      "O-264_L": 1,
      "I-288_U": 1,
      "O-299_L": 2,
      "O-181_L": 1,
      "I-137_U": 1,
      "O-140_L": 1,
      "I-174_U": 1,
      "I-14_U": 2,
      "O-168_L": 1,
      "I-259_U": 1,
      "I-190_U": 2,
      "O-249_L": 1,
      "O-247_L": 1,
      "I-252_U": 1,
      "O-295_L": 0,
      "O-49_L": 1,
      "O-289_L": 1,
      "I-167_U": 1,
      "I-141_U": 1,
      "O-191_L": 2,
      "O-173_L": 1
    },
    "O-217_L": {
      "depot": 1,
      "O-217_L": 0,
      "I-265_U": 1,
      "O-258_L": 1,
      "I-263_U": 1,
      "I-284_U": 1,
      "O-261_L": 0,
      "O-59_L": 1,
      "I-225_U": 1,
      "O-15_L": 2,
      "O-264_L": 1,
      "I-288_U": 1,
      "O-299_L": 2,
      "O-181_L": 1,
      "I-137_U": 1,
      "O-140_L": 1,
      "I-174_U": 1,
      "I-14_U": 2,
      "O-168_L": 1,
      "I-259_U": 1,
      "I-190_U": 2,
      "O-249_L": 1,
      "O-247_L": 1,
      "I-252_U": 1,
      "O-295_L": 1,
      "O-49_L": 1,
      "O-289_L": 1,
      "I-167_U": 1,
      "I-141_U": 1,
      "O-191_L": 2,
      "O-173_L": 1
    },
    "I-265_U": {
      "depot": 1,
      "O-217_L": 1,
      "I-265_U": 0,
      "O-258_L": 1,
      "I-263_U": 1,
      "I-284_U": 1,
      "O-261_L": 1,
      "O-59_L": 1,
      "I-225_U": 1,
      "O-15_L": 2,
      "O-264_L": 0,
      "I-288_U": 1,
      "O-299_L": 2,
      "O-181_L": 1,
      "I-137_U": 1,
      "O-140_L": 1,
      "I-174_U": 1,
      "I-14_U": 2,
      "O-168_L": 1,
      "I-259_U": 1,
      "I-190_U": 2,
      "O-249_L": 1,
      "O-247_L": 1,
      "I-252_U": 1,
      "O-295_L": 1,
      "O-49_L": 2,
      "O-289_L": 1,
      "I-167_U": 1,
      "I-141_U": 1,
      "O-191_L": 2,
      "O-173_L": 1
    },
    "O-258_L": {
      "depot": 1,
      "O-217_L": 1,
      "I-265_U": 1,
      "O-258_L": 0,
      "I-263_U": 1,
      "I-284_U": 1,
      "O-261_L": 1,
      "O-59_L": 1,
      "I-225_U": 1,
      "O-15_L": 2,
      "O-264_L": 1,
      "I-288_U": 1,
      "O-299_L": 2,
      "O-181_L": 1,
      "I-137_U": 1,
      "O-140_L": 1,
      "I-174_U": 1,
      "I-14_U": 2,
      "O-168_L": 1,
      "I-259_U": 0,
      "I-190_U": 2,
      "O-249_L": 1,
      "O-247_L": 1,
      "I-252_U": 1,
      "O-295_L": 1,
      "O-49_L": 2,
      "O-289_L": 1,
      "I-167_U": 1,
      "I-141_U": 1,
      "O-191_L": 2,
      "O-173_L": 1
    },
    "I-263_U": {
      "depot": 2,
      "O-217_L": 1,
      "I-265_U": 1,
      "O-258_L": 1,
      "I-263_U": 0,
      "I-284_U": 0,
      "O-261_L": 1,
      "O-59_L": 1,
      "I-225_U": 1,
      "O-15_L": 2,
      "O-264_L": 1,
      "I-288_U": 1,
      "O-299_L": 2,
      "O-181_L": 2,
      "I-137_U": 2,
      "O-140_L": 1,
      "I-174_U": 1,
      "I-14_U": 2,
      "O-168_L": 1,
      "I-259_U": 1,
      "I-190_U": 2,
      "O-249_L": 1,
      "O-247_L": 1,
      "I-252_U": 1,
      "O-295_L": 2,
      "O-49_L": 2,
      "O-289_L": 1,
      "I-167_U": 1,
      "I-141_U": 1,
      "O-191_L": 2,
      "O-173_L": 1
    },
    "I-284_U": {
      "depot": 2,
      "O-217_L": 1,
      "I-265_U": 1,
      "O-258_L": 1,
      "I-263_U": 0,
      "I-284_U": 0,
      "O-261_L": 1,
      "O-59_L": 1,
      "I-225_U": 1,
      "O-15_L": 2,
      "O-264_L": 1,
      "I-288_U": 1,
      "O-299_L": 2,
      "O-181_L": 2,
      "I-137_U": 2,
      "O-140_L": 1,
      "I-174_U": 1,
      "I-14_U": 2,
      "O-168_L": 1,
      "I-259_U": 1,
      "I-190_U": 2,
      "O-249_L": 1,
      "O-247_L": 1,
      "I-252_U": 1,
      "O-295_L": 2,
      "O-49_L": 2,
      "O-289_L": 1,
      "I-167_U": 1,
      "I-141_U": 1,
      "O-191_L": 2,
      "O-173_L": 1
    },
    "O-261_L": {
      "depot": 1,
      "O-217_L": 0,
      "I-265_U": 1,
      "O-258_L": 1,
      "I-263_U": 1,
      "I-284_U": 1,
      "O-261_L": 0,
      "O-59_L": 1,
      "I-225_U": 1,
      "O-15_L": 2,
      "O-264_L": 1,
      "I-288_U": 1,
      "O-299_L": 2,
      "O-181_L": 1,
      "I-137_U": 1,
      "O-140_L": 1,
      "I-174_U": 1,
      "I-14_U": 2,
      "O-168_L": 1,
      "I-259_U": 1,
      "I-190_U": 2,
      "O-249_L": 1,
      "O-247_L": 1,
      "I-252_U": 1,
      "O-295_L": 1,
      "O-49_L": 1,
      "O-289_L": 1,
      "I-167_U": 1,
      "I-141_U": 1,
      "O-191_L": 2,
      "O-173_L": 1
    },
    "O-59_L": {
      "depot": 1,
      "O-217_L": 1,
      "I-265_U": 1,
      "O-258_L": 1,
      "I-263_U": 1,
      "I-284_U": 1,
      "O-261_L": 1,
      "O-59_L": 0,
      "I-225_U": 1,
      "O-15_L": 2,
      "O-264_L": 1,
      "I-288_U": 0,
      "O-299_L": 2,
      "O-181_L": 1,
      "I-137_U": 2,
      "O-140_L": 1,
      "I-174_U": 1,
      "I-14_U": 2,
      "O-168_L": 1,
      "I-259_U": 1,
      "I-190_U": 2,
      "O-249_L": 1,
      "O-247_L": 1,
      "I-252_U": 1,
      "O-295_L": 1,
      "O-49_L": 2,
      "O-289_L": 0,
      "I-167_U": 1,
      "I-141_U": 1,
      "O-191_L": 2,
      "O-173_L": 1
    },
    "I-225_U": {
      "depot": 1,
      "O-217_L": 1,
      "I-265_U": 1,
      "O-258_L": 1,
      "I-263_U": 1,
      "I-284_U": 1,
      "O-261_L": 1,
      "O-59_L": 1,
      "I-225_U": 0,
      "O-15_L": 2,
      "O-264_L": 1,
      "I-288_U": 1,
      "O-299_L": 2,
      "O-181_L": 1,
      "I-137_U": 1,
      "O-140_L": 1,
      "I-174_U": 1,
      "I-14_U": 2,
      "O-168_L": 1,
      "I-259_U": 1,
      "I-190_U": 2,
      "O-249_L": 1,
      "O-247_L": 1,
      "I-252_U": 1,
      "O-295_L": 1,
      "O-49_L": 1,
      "O-289_L": 1,
      "I-167_U": 1,
      "I-141_U": 1,
      "O-191_L": 2,
      "O-173_L": 1
    },
    "O-15_L": {
      "depot": 2,
      "O-217_L": 2,
      "I-265_U": 2,
      "O-258_L": 2,
      "I-263_U": 2,
      "I-284_U": 2,
      "O-261_L": 2,
      "O-59_L": 2,
      "I-225_U": 2,
      "O-15_L": 0,
      "O-264_L": 2,
      "I-288_U": 2,
      "O-299_L": 0,
      "O-181_L": 3,
      "I-137_U": 3,
      "O-140_L": 2,
      "I-174_U": 2,
      "I-14_U": 0,
      "O-168_L": 2,
      "I-259_U": 2,
      "I-190_U": 0,
      "O-249_L": 2,
      "O-247_L": 2,
      "I-252_U": 2,
      "O-295_L": 2,
      "O-49_L": 2,
      "O-289_L": 2,
      "I-167_U": 2,
      "I-141_U": 2,
      "O-191_L": 0,
      "O-173_L": 2
    },
    "O-264_L": {
      "depot": 1,
      "O-217_L": 1,
      "I-265_U": 0,
      "O-258_L": 1,
      "I-263_U": 1,
      "I-284_U": 1,
      "O-261_L": 1,
      "O-59_L": 1,
      "I-225_U": 1,
      "O-15_L": 2,
      "O-264_L": 0,
      "I-288_U": 1,
      "O-299_L": 2,
      "O-181_L": 1,
      "I-137_U": 1,
      "O-140_L": 1,
      "I-174_U": 1,
      "I-14_U": 2,
      "O-168_L": 1,
      "I-259_U": 1,
      "I-190_U": 2,
      "O-249_L": 1,
      "O-247_L": 1,
      "I-252_U": 1,
      "O-295_L": 1,
      "O-49_L": 2,
      "O-289_L": 1,
      "I-167_U": 1,
      "I-141_U": 1,
      "O-191_L": 2,
      "O-173_L": 1
    },
    "I-288_U": {
      "depot": 1,
      "O-217_L": 1,
      "I-265_U": 1,
      "O-258_L": 1,
      "I-263_U": 1,
      "I-284_U": 1,
      "O-261_L": 1,
      "O-59_L": 0,
      "I-225_U": 1,
      "O-15_L": 2,
      "O-264_L": 1,
      "I-288_U": 0,
      "O-299_L": 2,
      "O-181_L": 1,
      "I-137_U": 2,
      "O-140_L": 1,
      "I-174_U": 1,
      "I-14_U": 2,
      "O-168_L": 1,
      "I-259_U": 1,
      "I-190_U": 2,
      "O-249_L": 1,
      "O-247_L": 1,
      "I-252_U": 1,
      "O-295_L": 1,
      "O-49_L": 2,
      "O-289_L": 0,
      "I-167_U": 1,
      "I-141_U": 1,
      "O-191_L": 2,
      "O-173_L": 1
    },
    "O-299_L": {
      "depot": 2,
      "O-217_L": 2,
      "I-265_U": 2,
      "O-258_L": 2,
      "I-263_U": 2,
      "I-284_U": 2,
      "O-261_L": 2,
      "O-59_L": 2,
      "I-225_U": 2,
      "O-15_L": 0,
      "O-264_L": 2,
      "I-288_U": 2,
      "O-299_L": 0,
      "O-181_L": 3,
      "I-137_U": 3,
      "O-140_L": 2,
      "I-174_U": 2,
      "I-14_U": 0,
      "O-168_L": 2,
      "I-259_U": 2,
      "I-190_U": 0,
      "O-249_L": 2,
      "O-247_L": 2,
      "I-252_U": 2,
      "O-295_L": 2,
      "O-49_L": 2,
      "O-289_L": 2,
      "I-167_U": 2,
      "I-141_U": 2,
      "O-191_L": 0,
      "O-173_L": 2
    },
    "O-181_L": {
      "depot": 1,
      "O-217_L": 1,
      "I-265_U": 1,
      "O-258_L": 1,
      "I-263_U": 2,
      "I-284_U": 2,
      "O-261_L": 1,
      "O-59_L": 1,
      "I-225_U": 1,
      "O-15_L": 3,
      "O-264_L": 1,
      "I-288_U": 1,
      "O-299_L": 3,
      "O-181_L": 0,
      "I-137_U": 1,
      "O-140_L": 1,
      "I-174_U": 1,
      "I-14_U": 3,
      "O-168_L": 1,
      "I-259_U": 1,
      "I-190_U": 3,
      "O-249_L": 1,
      "O-247_L": 1,
      "I-252_U": 1,
      "O-295_L": 1,
      "O-49_L": 1,
      "O-289_L": 1,
      "I-167_U": 1,
      "I-141_U": 1,
      "O-191_L": 3,
      "O-173_L": 1
    },
    "I-137_U": {
      "depot": 1,
      "O-217_L": 1,
      "I-265_U": 1,
      "O-258_L": 1,
      "I-263_U": 2,
      "I-284_U": 2,
      "O-261_L": 1,
      "O-59_L": 2,
      "I-225_U": 1,
      "O-15_L": 3,
      "O-264_L": 1,
      "I-288_U": 2,
      "O-299_L": 3,
      "O-181_L": 1,
      "I-137_U": 0,
      "O-140_L": 1,
      "I-174_U": 1,
      "I-14_U": 3,
      "O-168_L": 1,
      "I-259_U": 1,
      "I-190_U": 3,
      "O-249_L": 1,
      "O-247_L": 1,
      "I-252_U": 1,
      "O-295_L": 1,
      "O-49_L": 1,
      "O-289_L": 2,
      "I-167_U": 1,
      "I-141_U": 1,
      "O-191_L": 3,
      "O-173_L": 1
    },
    "O-140_L": {
      "depot": 1,
      "O-217_L": 1,
      "I-265_U": 1,
      "O-258_L": 1,
      "I-263_U": 1,
      "I-284_U": 1,
      "O-261_L": 1,
      "O-59_L": 1,
      "I-225_U": 1,
      "O-15_L": 2,
      "O-264_L": 1,
      "I-288_U": 1,
      "O-299_L": 2,
      "O-181_L": 1,
      "I-137_U": 1,
      "O-140_L": 0,
      "I-174_U": 1,
      "I-14_U": 2,
      "O-168_L": 1,
      "I-259_U": 1,
      "I-190_U": 2,
      "O-249_L": 1,
      "O-247_L": 1,
      "I-252_U": 1,
      "O-295_L": 1,
      "O-49_L": 1,
      "O-289_L": 1,
      "I-167_U": 1,
      "I-141_U": 0,
      "O-191_L": 2,
      "O-173_L": 1
    },
    "I-174_U": {
      "depot": 1,
      "O-217_L": 1,
      "I-265_U": 1,
      "O-258_L": 1,
      "I-263_U": 1,
      "I-284_U": 1,
      "O-261_L": 1,
      "O-59_L": 1,
      "I-225_U": 1,
      "O-15_L": 2,
      "O-264_L": 1,
      "I-288_U": 1,
      "O-299_L": 2,
      "O-181_L": 1,
      "I-137_U": 1,
      "O-140_L": 1,
      "I-174_U": 0,
      "I-14_U": 2,
      "O-168_L": 0,
      "I-259_U": 1,
      "I-190_U": 2,
      "O-249_L": 1,
      "O-247_L": 1,
      "I-252_U": 1,
      "O-295_L": 1,
      "O-49_L": 1,
      "O-289_L": 1,
      "I-167_U": 0,
      "I-141_U": 1,
      "O-191_L": 2,
      "O-173_L": 0
    },
    "I-14_U": {
      "depot": 2,
      "O-217_L": 2,
      "I-265_U": 2,
      "O-258_L": 2,
      "I-263_U": 2,
      "I-284_U": 2,
      "O-261_L": 2,
      "O-59_L": 2,
      "I-225_U": 2,
      "O-15_L": 0,
      "O-264_L": 2,
      "I-288_U": 2,
      "O-299_L": 0,
      "O-181_L": 3,
      "I-137_U": 3,
      "O-140_L": 2,
      "I-174_U": 2,
      "I-14_U": 0,
      "O-168_L": 2,
      "I-259_U": 2,
      "I-190_U": 0,
      "O-249_L": 2,
      "O-247_L": 2,
      "I-252_U": 2,
      "O-295_L": 2,
      "O-49_L": 2,
      "O-289_L": 2,
      "I-167_U": 2,
      "I-141_U": 2,
      "O-191_L": 0,
      "O-173_L": 2
    },
    "O-168_L": {
      "depot": 1,
      "O-217_L": 1,
      "I-265_U": 1,
      "O-258_L": 1,
      "I-263_U": 1,
      "I-284_U": 1,
      "O-261_L": 1,
      "O-59_L": 1,
      "I-225_U": 1,
      "O-15_L": 2,
      "O-264_L": 1,
      "I-288_U": 1,
      "O-299_L": 2,
      "O-181_L": 1,
      "I-137_U": 1,
      "O-140_L": 1,
      "I-174_U": 0,
      "I-14_U": 2,
      "O-168_L": 0,
      "I-259_U": 1,
      "I-190_U": 2,
      "O-249_L": 1,
      "O-247_L": 1,
      "I-252_U": 1,
      "O-295_L": 1,
      "O-49_L": 1,
      "O-289_L": 1,
      "I-167_U": 0,
      "I-141_U": 1,
      "O-191_L": 2,
      "O-173_L": 0
    },
    "I-259_U": {
      "depot": 1,
      "O-217_L": 1,
      "I-265_U": 1,
      "O-258_L": 0,
      "I-263_U": 1,
      "I-284_U": 1,
      "O-261_L": 1,
      "O-59_L": 1,
      "I-225_U": 1,
      "O-15_L": 2,
      "O-264_L": 1,
      "I-288_U": 1,
      "O-299_L": 2,
      "O-181_L": 1,
      "I-137_U": 1,
      "O-140_L": 1,
      "I-174_U": 1,
      "I-14_U": 2,
      "O-168_L": 1,
      "I-259_U": 0,
      "I-190_U": 2,
      "O-249_L": 1,
      "O-247_L": 1,
      "I-252_U": 1,
      "O-295_L": 1,
      "O-49_L": 2,
      "O-289_L": 1,
      "I-167_U": 1,
      "I-141_U": 1,
      "O-191_L": 2,
      "O-173_L": 1
    },
    "I-190_U": {
      "depot": 2,
      "O-217_L": 2,
      "I-265_U": 2,
      "O-258_L": 2,
      "I-263_U": 2,
      "I-284_U": 2,
      "O-261_L": 2,
      "O-59_L": 2,
      "I-225_U": 2,
      "O-15_L": 0,
      "O-264_L": 2,
      "I-288_U": 2,
      "O-299_L": 0,
      "O-181_L": 3,
      "I-137_U": 3,
      "O-140_L": 2,
      "I-174_U": 2,
      "I-14_U": 0,
      "O-168_L": 2,
      "I-259_U": 2,
      "I-190_U": 0,
      "O-249_L": 2,
      "O-247_L": 2,
      "I-252_U": 2,
      "O-295_L": 2,
      "O-49_L": 2,
      "O-289_L": 2,
      "I-167_U": 2,
      "I-141_U": 2,
      "O-191_L": 0,
      "O-173_L": 2
    },
    "O-249_L": {
      "depot": 1,
      "O-217_L": 1,
      "I-265_U": 1,
      "O-258_L": 1,
      "I-263_U": 1,
      "I-284_U": 1,
      "O-261_L": 1,
      "O-59_L": 1,
      "I-225_U": 1,
      "O-15_L": 2,
      "O-264_L": 1,
      "I-288_U": 1,
      "O-299_L": 2,
      "O-181_L": 1,
      "I-137_U": 1,
      "O-140_L": 1,
      "I-174_U": 1,
      "I-14_U": 2,
      "O-168_L": 1,
      "I-259_U": 1,
      "I-190_U": 2,
      "O-249_L": 0,
      "O-247_L": 1,
      "I-252_U": 1,
      "O-295_L": 1,
      "O-49_L": 1,
      "O-289_L": 1,
      "I-167_U": 1,
      "I-141_U": 1,
      "O-191_L": 2,
      "O-173_L": 1
    },
    "O-247_L": {
      "depot": 1,
      "O-217_L": 1,
      "I-265_U": 1,
      "O-258_L": 1,
      "I-263_U": 1,
      "I-284_U": 1,
      "O-261_L": 1,
      "O-59_L": 1,
      "I-225_U": 1,
      "O-15_L": 2,
      "O-264_L": 1,
      "I-288_U": 1,
      "O-299_L": 2,
      "O-181_L": 1,
      "I-137_U": 1,
      "O-140_L": 1,
      "I-174_U": 1,
      "I-14_U": 2,
      "O-168_L": 1,
      "I-259_U": 1,
      "I-190_U": 2,
      "O-249_L": 1,
      "O-247_L": 0,
      "I-252_U": 1,
      "O-295_L": 1,
      "O-49_L": 1,
      "O-289_L": 1,
      "I-167_U": 1,
      "I-141_U": 1,
      "O-191_L": 2,
      "O-173_L": 1
    },
    "I-252_U": {
      "depot": 1,
      "O-217_L": 1,
      "I-265_U": 1,
      "O-258_L": 1,
      "I-263_U": 1,
      "I-284_U": 1,
      "O-261_L": 1,
      "O-59_L": 1,
      "I-225_U": 1,
      "O-15_L": 2,
      "O-264_L": 1,
      "I-288_U": 1,
      "O-299_L": 2,
      "O-181_L": 1,
      "I-137_U": 1,
      "O-140_L": 1,
      "I-174_U": 1,
      "I-14_U": 2,
      "O-168_L": 1,
      "I-259_U": 1,
      "I-190_U": 2,
      "O-249_L": 1,
      "O-247_L": 1,
      "I-252_U": 0,
      "O-295_L": 1,
      "O-49_L": 1,
      "O-289_L": 1,
      "I-167_U": 1,
      "I-141_U": 1,
      "O-191_L": 2,
      "O-173_L": 1
    },
    "O-295_L": {
      "depot": 0,
      "O-217_L": 1,
      "I-265_U": 1,
      "O-258_L": 1,
      "I-263_U": 2,
      "I-284_U": 2,
      "O-261_L": 1,
      "O-59_L": 1,
      "I-225_U": 1,
      "O-15_L": 2,
      "O-264_L": 1,
      "I-288_U": 1,
      "O-299_L": 2,
      "O-181_L": 1,
      "I-137_U": 1,
      "O-140_L": 1,
      "I-174_U": 1,
      "I-14_U": 2,
      "O-168_L": 1,
      "I-259_U": 1,
      "I-190_U": 2,
      "O-249_L": 1,
      "O-247_L": 1,
      "I-252_U": 1,
      "O-295_L": 0,
      "O-49_L": 1,
      "O-289_L": 1,
      "I-167_U": 1,
      "I-141_U": 1,
      "O-191_L": 2,
      "O-173_L": 1
    },
    "O-49_L": {
      "depot": 1,
      "O-217_L": 1,
      "I-265_U": 2,
      "O-258_L": 2,
      "I-263_U": 2,
      "I-284_U": 2,
      "O-261_L": 1,
      "O-59_L": 2,
      "I-225_U": 1,
      "O-15_L": 2,
      "O-264_L": 2,
      "I-288_U": 2,
      "O-299_L": 2,
      "O-181_L": 1,
      "I-137_U": 1,
      "O-140_L": 1,
      "I-174_U": 1,
      "I-14_U": 2,
      "O-168_L": 1,
      "I-259_U": 2,
      "I-190_U": 2,
      "O-249_L": 1,
      "O-247_L": 1,
      "I-252_U": 1,
      "O-295_L": 1,
      "O-49_L": 0,
      "O-289_L": 2,
      "I-167_U": 1,
      "I-141_U": 1,
      "O-191_L": 2,
      "O-173_L": 1
    },
    "O-289_L": {
      "depot": 1,
      "O-217_L": 1,
      "I-265_U": 1,
      "O-258_L": 1,
      "I-263_U": 1,
      "I-284_U": 1,
      "O-261_L": 1,
      "O-59_L": 0,
      "I-225_U": 1,
      "O-15_L": 2,
      "O-264_L": 1,
      "I-288_U": 0,
      "O-299_L": 2,
      "O-181_L": 1,
      "I-137_U": 2,
      "O-140_L": 1,
      "I-174_U": 1,
      "I-14_U": 2,
      "O-168_L": 1,
      "I-259_U": 1,
      "I-190_U": 2,
      "O-249_L": 1,
      "O-247_L": 1,
      "I-252_U": 1,
      "O-295_L": 1,
      "O-49_L": 2,
      "O-289_L": 0,
      "I-167_U": 1,
      "I-141_U": 1,
      "O-191_L": 2,
      "O-173_L": 1
    },
    "I-167_U": {
      "depot": 1,
      "O-217_L": 1,
      "I-265_U": 1,
      "O-258_L": 1,
      "I-263_U": 1,
      "I-284_U": 1,
      "O-261_L": 1,
      "O-59_L": 1,
      "I-225_U": 1,
      "O-15_L": 2,
      "O-264_L": 1,
      "I-288_U": 1,
      "O-299_L": 2,
      "O-181_L": 1,
      "I-137_U": 1,
      "O-140_L": 1,
      "I-174_U": 0,
      "I-14_U": 2,
      "O-168_L": 0,
      "I-259_U": 1,
      "I-190_U": 2,
      "O-249_L": 1,
      "O-247_L": 1,
      "I-252_U": 1,
      "O-295_L": 1,
      "O-49_L": 1,
      "O-289_L": 1,
      "I-167_U": 0,
      "I-141_U": 1,
      "O-191_L": 2,
      "O-173_L": 0
    },
    "I-141_U": {
      "depot": 1,
      "O-217_L": 1,
      "I-265_U": 1,
      "O-258_L": 1,
      "I-263_U": 1,
      "I-284_U": 1,
      "O-261_L": 1,
      "O-59_L": 1,
      "I-225_U": 1,
      "O-15_L": 2,
      "O-264_L": 1,
      "I-288_U": 1,
      "O-299_L": 2,
      "O-181_L": 1,
      "I-137_U": 1,
      "O-140_L": 0,
      "I-174_U": 1,
      "I-14_U": 2,
      "O-168_L": 1,
      "I-259_U": 1,
      "I-190_U": 2,
      "O-249_L": 1,
      "O-247_L": 1,
      "I-252_U": 1,
      "O-295_L": 1,
      "O-49_L": 1,
      "O-289_L": 1,
      "I-167_U": 1,
      "I-141_U": 0,
      "O-191_L": 2,
      "O-173_L": 1
    },
    "O-191_L": {
      "depot": 2,
      "O-217_L": 2,
      "I-265_U": 2,
      "O-258_L": 2,
      "I-263_U": 2,
      "I-284_U": 2,
      "O-261_L": 2,
      "O-59_L": 2,
      "I-225_U": 2,
      "O-15_L": 0,
      "O-264_L": 2,
      "I-288_U": 2,
      "O-299_L": 0,
      "O-181_L": 3,
      "I-137_U": 3,
      "O-140_L": 2,
      "I-174_U": 2,
      "I-14_U": 0,
      "O-168_L": 2,
      "I-259_U": 2,
      "I-190_U": 0,
      "O-249_L": 2,
      "O-247_L": 2,
      "I-252_U": 2,
      "O-295_L": 2,
      "O-49_L": 2,
      "O-289_L": 2,
      "I-167_U": 2,
      "I-141_U": 2,
      "O-191_L": 0,
      "O-173_L": 2
    },
    "O-173_L": {
      "depot": 1,
      "O-217_L": 1,
      "I-265_U": 1,
      "O-258_L": 1,
      "I-263_U": 1,
      "I-284_U": 1,
      "O-261_L": 1,
      "O-59_L": 1,
      "I-225_U": 1,
      "O-15_L": 2,
      "O-264_L": 1,
      "I-288_U": 1,
      "O-299_L": 2,
      "O-181_L": 1,
      "I-137_U": 1,
      "O-140_L": 1,
      "I-174_U": 0,
      "I-14_U": 2,
      "O-168_L": 0,
      "I-259_U": 1,
      "I-190_U": 2,
      "O-249_L": 1,
      "O-247_L": 1,
      "I-252_U": 1,
      "O-295_L": 1,
      "O-49_L": 1,
      "O-289_L": 1,
      "I-167_U": 0,
      "I-141_U": 1,
      "O-191_L": 2,
      "O-173_L": 0
    }
  },
  "workers": {
    "3": 31,
    "4": 14,
    "5": 2
  },
  "tasks": [
    "O-15_L",
    "I-14_U",
    "O-49_L",
    "O-59_L",
    "I-137_U",
    "I-141_U",
    "O-140_L",
    "I-167_U",
    "O-168_L",
    "O-173_L",
    "I-174_U",
    "O-181_L",
    "I-190_U",
    "O-191_L",
    "O-217_L",
    "I-225_U",
    "O-247_L",
    "O-249_L",
    "I-252_U",
    "O-258_L",
    "I-259_U",
    "O-261_L",
    "I-263_U",
    "O-264_L",
    "I-265_U",
    "I-284_U",
    "I-288_U",
    "O-289_L",
    "O-295_L",
    "O-299_L"
  ],
  "skill_levels": [
    3,
    4,
    5
  ]
}