{
  "tasks_per_formation": {
    "f_3:2,4:1": [
      "I-6_U",
      "O-17_L",
      "I-139_U",
      "I-106_U",
      "O-73_L",
      "I-75_U",
      "I-115_U",
      "O-140_L",
      "I-5_U",
      "O-153_L"
    ],
    "f_3:2,4:2": [
      "O-17_L",
      "I-139_U",
      "O-73_L",
      "I-75_U",
      "I-115_U",
      "I-5_U",
      "O-153_L"
    ],
    "f_3:1,4:1": [
      "I-6_U",
      "I-139_U",
      "I-106_U",
      "O-73_L",
      "O-92_L",
      "O-140_L",
      "I-5_U",
      "O-153_L"
    ],
    "f_3:1,4:2": [
      "O-92_L"
    ],
    "f_3:1,4:1,5:1": [
      "O-22_L"
    ],
    "f_3:3": [
      "O-19_L",
      "O-64_L",
      "I-159_U"
    ],
    "f_3:2": [
      "O-19_L",
      "I-90_U",
      "I-132_U",
      "O-64_L",
      "I-159_U",
      "I-152_U",
      "O-113_L"
    ],
    "f_3:2,4:2,5:2": [
      "I-61_U",
      "O-22_L"
    ],
    "f_3:2,4:1,5:1": [
      "I-61_U",
      "O-22_L"
    ]
  },
  "modes": {
    "O-73_L": {
      "f_3:2,4:1": 4,
      "f_3:2,4:2": 3,
      "f_3:1,4:1": 6
    },
    "O-92_L": {
      "f_3:1,4:1": 4,
      "f_3:1,4:2": 3
    },
    "O-22_L": {
      "f_3:1,4:1,5:1": 11,
      "f_3:2,4:2,5:2": 6,
      "f_3:2,4:1,5:1": 9
    },
    "O-64_L": {
      "f_3:3": 3,
      "f_3:2": 4
    },
    "I-61_U": {
      "f_3:2,4:2,5:2": 5,
      "f_3:2,4:1,5:1": 9
    },
    "I-6_U": {
      "f_3:2,4:1": 3,
      "f_3:1,4:1": 4
    },
    "O-17_L": {
      "f_3:2,4:1": 4,
      "f_3:2,4:2": 3
    },
    "I-139_U": {
      "f_3:2,4:1": 4,
      "f_3:2,4:2": 3,
      "f_3:1,4:1": 5
    },
    "O-19_L": {
      "f_3:3": 3,
      "f_3:2": 4
    },
    "I-106_U": {
      "f_3:2,4:1": 3,
      "f_3:1,4:1": 4
    },
    "I-90_U": {
      "f_3:2": 2
    },
    "I-132_U": {
      "f_3:2": 2
    },
    "I-159_U": {
      "f_3:3": 3,
      "f_3:2": 4
    },
    "I-152_U": {
      "f_3:2": 3
    },
    "I-75_U": {
      "f_3:2,4:1": 4,
      "f_3:2,4:2": 3
    },
    "O-113_L": {
      "f_3:2": 3
    },
    "I-115_U": {
      "f_3:2,4:1": 4,
      "f_3:2,4:2": 3
    },
    "O-140_L": {
      "f_3:2,4:1": 3,
      "f_3:1,4:1": 4
    },
    "I-5_U": {
      "f_3:2,4:1": 4,
      "f_3:2,4:2": 3,
      "f_3:1,4:1": 5
    },
    "O-153_L": {
      "f_3:2,4:1": 4,
      "f_3:2,4:2": 3,
      "f_3:1,4:1": 5
    }
  },
  "depot": "depot",
  "instants": [
    95,
    96,
    97,
    98,
    99,
    100,
    101,
    102,
    103,
    104,
    105,
    106,
    107,
    108,
    109,
    110,
    111,
    112,
    113,
    114,
    115
  ],
  "begin_horizon": 95,
  "end_horizon": 116,
  "earliest_start": {
    "O-73_L": 100,
    "O-92_L": 101,
    "O-22_L": 101,
    "O-64_L": 102,
    "I-61_U": 101,
    "I-6_U": 98,
    "O-17_L": 104,
    "I-139_U": 99,
    "O-19_L": 101,
    "I-106_U": 102,
    "I-90_U": 107,
    "I-132_U": 104,
    "I-159_U": 102,
    "I-152_U": 98,
    "I-75_U": 107,
    "O-113_L": 102,
    "I-115_U": 103,
    "O-140_L": 105,
    "I-5_U": 102,
    "O-153_L": 106
  },
  "latest_start": {
    "O-73_L": 103,
    "O-92_L": 103,
    "O-22_L": 106,
    "O-64_L": 104,
    "I-61_U": 106,
    "I-6_U": 100,
    "O-17_L": 106,
    "I-139_U": 101,
    "O-19_L": 103,
    "I-106_U": 105,
    "I-90_U": 108,
    "I-132_U": 106,
    "I-159_U": 103,
    "I-152_U": 99,
    "I-75_U": 109,
    "O-113_L": 104,
    "I-115_U": 104,
    "O-140_L": 107,
    "I-5_U": 104,
    "O-153_L": 108
  },
  "weights": {
    "O-73_L": 2.0,
    "O-92_L": 2.0,
    "O-22_L": 3.0,
    "O-64_L": 1.0,
    "I-61_U": 3.0,
    "I-6_U": 2.0,
    "O-17_L": 2.0,
    "I-139_U": 2.0,
    "O-19_L": 1.0,
    "I-106_U": 2.0,
    "I-90_U": 1.0,
    "I-132_U": 1.0,
    "I-159_U": 1.0,
    "I-152_U": 2.0,
    "I-75_U": 2.0,
    "O-113_L": 2.0,
    "I-115_U": 2.0,
    "O-140_L": 2.0,
    "I-5_U": 2.0,
    "O-153_L": 2.0
  },
  "workers_w_d": {
    "3": 38,
    "4": 14,
    "5": 3
  },
  "earliest_finish": {
    "O-73_L": 103,
    "O-92_L": 104,
    "O-22_L": 107,
    "O-64_L": 105,
    "I-61_U": 106,
    "I-6_U": 101,
    "O-17_L": 107,
    "I-139_U": 102,
    "O-19_L": 104,
    "I-106_U": 105,
    "I-90_U": 109,
    "I-132_U": 106,
    "I-159_U": 105,
    "I-152_U": 101,
    "I-75_U": 110,
    "O-113_L": 105,
    "I-115_U": 106,
    "O-140_L": 108,
    "I-5_U": 105,
    "O-153_L": 109
  },
  "formations": {
    "f_3:2,4:1": {
      "3": 2,
      "4": 1
    },
    "f_3:2,4:2": {
      "3": 2,
      "4": 2
    },
    "f_3:1,4:1": {
      "3": 1,
      "4": 1
    },
    "f_3:1,4:2": {
      "3": 1,
      "4": 2
    },
    "f_3:1,4:1,5:1": {
      "3": 1,
      "4": 1,
      "5": 1
    },
    "f_3:3": {
      "3": 3
    },
    "f_3:2": {
      "3": 2
    },
    "f_3:2,4:2,5:2": {
      "3": 2,
      "4": 2,
      "5": 2
    },
    "f_3:2,4:1,5:1": {
      "3": 2,
      "4": 1,
      "5": 1
    }
  },
  "modesSpeedID": {
    "O-73_L": {
      "f_3:2,4:1": "i",
      "f_3:2,4:2": "f",
      "f_3:1,4:1": "s"
    },
    "O-92_L": {
      "f_3:1,4:1": "s",
      "f_3:1,4:2": "f"
    },
    "O-22_L": {
      "f_3:1,4:1,5:1": "s",
      "f_3:2,4:2,5:2": "f",
      "f_3:2,4:1,5:1": "i"
    },
    "O-64_L": {
      "f_3:3": "f",
      "f_3:2": "s"
    },
    "I-61_U": {
      "f_3:2,4:2,5:2": "f",
      "f_3:2,4:1,5:1": "i"
    },
    "I-6_U": {
      "f_3:2,4:1": "f",
      "f_3:1,4:1": "s"
    },
    "O-17_L": {
      "f_3:2,4:1": "i",
      "f_3:2,4:2": "f"
    },
    "I-139_U": {
      "f_3:2,4:1": "i",
      "f_3:2,4:2": "f",
      "f_3:1,4:1": "s"
    },
    "O-19_L": {
      "f_3:3": "f",
      "f_3:2": "s"
    },
    "I-106_U": {
      "f_3:2,4:1": "f",
      "f_3:1,4:1": "s"
    },
    "I-90_U": {
      "f_3:2": "s"
    },
    "I-132_U": {
      "f_3:2": "s"
    },
    "I-159_U": {
      "f_3:3": "f",
      "f_3:2": "s"
    },
    "I-152_U": {
      "f_3:2": "s"
    },
    "I-75_U": {
      "f_3:2,4:1": "i",
      "f_3:2,4:2": "f"
    },
    "O-113_L": {
      "f_3:2": "s"
    },
    "I-115_U": {
      "f_3:2,4:1": "i",
      "f_3:2,4:2": "f"
    },
    "O-140_L": {
      "f_3:2,4:1": "f",
      "f_3:1,4:1": "s"
    },
    "I-5_U": {
      "f_3:2,4:1": "i",
      "f_3:2,4:2": "f",
      "f_3:1,4:1": "s"
    },
    "O-153_L": {
      "f_3:2,4:1": "i",
      "f_3:2,4:2": "f",
      "f_3:1,4:1": "s"
    }
  },
  "formations_w_d": {
    "f_3:2,4:1": {
      "3": 3,
      "4": 1
    },
    "f_3:2,4:2": {
      "3": 4,
      "4": 2
    },
    "f_3:1,4:1": {
      "3": 2,
      "4": 1
    },
    "f_3:1,4:2": {
      "3": 3,
      "4": 2
    },
    "f_3:1,4:1,5:1": {
      "3": 3,
      "4": 2,
      "5": 1
    },
    "f_3:3": {
      "3": 3
    },
    "f_3:2": {
      "3": 2
    },
    "f_3:2,4:2,5:2": {
      "3": 6,
      "4": 4,
      "5": 2
    },
    "f_3:2,4:1,5:1": {
      "3": 4,
      "4": 2,
      "5": 1
    }
  },
  "latest_finish": {
    "O-73_L": 106,
    "O-92_L": 106,
    "O-22_L": 112,
    "O-64_L": 107,
    "I-61_U": 111,
    "I-6_U": 103,
    "O-17_L": 109,
    "I-139_U": 104,
    "O-19_L": 106,
    "I-106_U": 108,
    "I-90_U": 110,
    "I-132_U": 108,
    "I-159_U": 106,
    "I-152_U": 102,
    "I-75_U": 112,
    "O-113_L": 107,
    "I-115_U": 107,
    "O-140_L": 110,
    "I-5_U": 107,
    "O-153_L": 111
  },
  "travel_times": {
    "depot": {
      "O-73_L": 3,
      "O-92_L": 0,
      "O-22_L": 3,
      "O-64_L": 1,
      "I-61_U": 3,
      "I-6_U": 3,
      "O-17_L": 1,
      "I-139_U": 1,
      "O-19_L": 2,
      "I-106_U": 1,
      "I-90_U": 2,
      "I-132_U": 1,
      "I-159_U": 1,
      "I-152_U": 2,
      "I-75_U": 1,
      "O-113_L": 2,
      "I-115_U": 1,
      "O-140_L": 1,
      "I-5_U": 1,
      "O-153_L": 2
    },
    "O-73_L": {
      "depot": 3,
      "O-73_L": 0,
      "O-92_L": 3,
      "O-22_L": 0,
      "O-64_L": 3,
      "I-61_U": 1,
      "I-6_U": 1,
      "O-17_L": 2,
      "I-139_U": 2,
      "O-19_L": 2,
      "I-106_U": 2,
      "I-90_U": 2,
      "I-132_U": 2,
      "I-159_U": 2,
      "I-152_U": 2,
      "I-75_U": 2,
      "O-113_L": 2,
      "I-115_U": 2,
      "O-140_L": 2,
      "I-5_U": 2,
      "O-153_L": 2
    },
    "O-92_L": {
      "depot": 0,
      "O-73_L": 3,
      "O-92_L": 0,
      "O-22_L": 3,
      "O-64_L": 1,
      "I-61_U": 3,
      "I-6_U": 3,
      "O-17_L": 1,
      "I-139_U": 1,
      "O-19_L": 2,
      "I-106_U": 1,
      "I-90_U": 2,
      "I-132_U": 1,
      "I-159_U": 1,
      "I-152_U": 2,
      "I-75_U": 1,
      "O-113_L": 2,
      "I-115_U": 1,
      "O-140_L": 1,
      "I-5_U": 1,
      "O-153_L": 2
    },
    "O-22_L": {
      "depot": 3,
      "O-73_L": 0,
      "O-92_L": 3,
      "O-22_L": 0,
      "O-64_L": 3,
      "I-61_U": 1,
      "I-6_U": 1,
      "O-17_L": 2,
      "I-139_U": 2,
      "O-19_L": 2,
      "I-106_U": 2,
      "I-90_U": 2,
      "I-132_U": 2,
      "I-159_U": 2,
      "I-152_U": 2,
      "I-75_U": 2,
      "O-113_L": 2,
      "I-115_U": 2,
      "O-140_L": 2,
      "I-5_U": 2,
      "O-153_L": 2
    },
    "O-64_L": {
      "depot": 1,
      "O-73_L": 3,
      "O-92_L": 1,
      "O-22_L": 3,
      "O-64_L": 0,
      "I-61_U": 3,
      "I-6_U": 3,
      "O-17_L": 2,
      "I-139_U": 1,
      "O-19_L": 2,
      "I-106_U": 1,
      "I-90_U": 2,
      "I-132_U": 1,
      "I-159_U": 1,
      "I-152_U": 2,
      "I-75_U": 1,
      "O-113_L": 2,
      "I-115_U": 2,
      "O-140_L": 1,
      "I-5_U": 1,
      "O-153_L": 2
    },
    "I-61_U": {
      "depot": 3,
      "O-73_L": 1,
      "O-92_L": 3,
      "O-22_L": 1,
      "O-64_L": 3,
      "I-61_U": 0,
      "I-6_U": 0,
      "O-17_L": 2,
      "I-139_U": 2,
      "O-19_L": 2,
      "I-106_U": 2,
      "I-90_U": 2,
      "I-132_U": 2,
      "I-159_U": 3,
      "I-152_U": 2,
      "I-75_U": 2,
      "O-113_L": 2,
      "I-115_U": 2,
      "O-140_L": 2,
      "I-5_U": 2,
      "O-153_L": 2
    },
    "I-6_U": {
      "depot": 3,
      "O-73_L": 1,
      "O-92_L": 3,
      "O-22_L": 1,
      "O-64_L": 3,
      "I-61_U": 0,
      "I-6_U": 0,
      "O-17_L": 2,
      "I-139_U": 2,
      "O-19_L": 2,
      "I-106_U": 2,
      "I-90_U": 2,
      "I-132_U": 2,
      "I-159_U": 3,
      "I-152_U": 2,
      "I-75_U": 2,
      "O-113_L": 2,
      "I-115_U": 2,
      "O-140_L": 2,
      "I-5_U": 2,
      "O-153_L": 2
    },
    "O-17_L": {
      "depot": 1,
      "O-73_L": 2,
      "O-92_L": 1,
      "O-22_L": 2,
      "O-64_L": 2,
      "I-61_U": 2,
      "I-6_U": 2,
      "O-17_L": 0,
      "I-139_U": 1,
      "O-19_L": 1,
      "I-106_U": 1,
      "I-90_U": 1,
      "I-132_U": 1,
      "I-159_U": 1,
      "I-152_U": 1,
      "I-75_U": 1,
      "O-113_L": 1,
      "I-115_U": 0,
      "O-140_L": 1,
      "I-5_U": 1,
      "O-153_L": 1
    },
    "I-139_U": {
      "depot": 1,
      "O-73_L": 2,
      "O-92_L": 1,
      "O-22_L": 2,
      "O-64_L": 1,
      "I-61_U": 2,
      "I-6_U": 2,
      "O-17_L": 1,
      "I-139_U": 0,
      "O-19_L": 1,
      "I-106_U": 1,
      "I-90_U": 1,
      "I-132_U": 1,
      "I-159_U": 1,
      "I-152_U": 1,
      "I-75_U": 1,
      "O-113_L": 1,
      "I-115_U": 1,
      "O-140_L": 0,
      "I-5_U": 1,
      "O-153_L": 1
    },
    "O-19_L": {
      "depot": 2,
      "O-73_L": 2,
      "O-92_L": 2,
      "O-22_L": 2,
      "O-64_L": 2,
      "I-61_U": 2,
      "I-6_U": 2,
      "O-17_L": 1,
      "I-139_U": 1,
      "O-19_L": 0,
      "I-106_U": 1,
      "I-90_U": 1,
      "I-132_U": 1,
      "I-159_U": 2,
      "I-152_U": 1,
      "I-75_U": 1,
      "O-113_L": 1,
      "I-115_U": 1,
      "O-140_L": 1,
      "I-5_U": 1,
      "O-153_L": 1
    },
    "I-106_U": {
      "depot": 1,
      "O-73_L": 2,
      "O-92_L": 1,
      "O-22_L": 2,
      "O-64_L": 1,
      "I-61_U": 2,
      "I-6_U": 2,
      "O-17_L": 1,
      "I-139_U": 1,
      "O-19_L": 1,
      "I-106_U": 0,
      "I-90_U": 1,
      "I-132_U": 0,
      "I-159_U": 1,
      "I-152_U": 1,
      "I-75_U": 0,
      "O-113_L": 1,
      "I-115_U": 1,
      "O-140_L": 1,
      "I-5_U": 1,
      "O-153_L": 1
    },
    "I-90_U": {
      "depot": 2,
      "O-73_L": 2,
      "O-92_L": 2,
      "O-22_L": 2,
      "O-64_L": 2,
      "I-61_U": 2,
      "I-6_U": 2,
      "O-17_L": 1,
      "I-139_U": 1,
      "O-19_L": 1,
      "I-106_U": 1,
      "I-90_U": 0,
      "I-132_U": 1,
      "I-159_U": 1,
      "I-152_U": 1,
      "I-75_U": 1,
      "O-113_L": 1,
      "I-115_U": 1,
      "O-140_L": 1,
      "I-5_U": 1,
      "O-153_L": 1
    },
    "I-132_U": {
      "depot": 1,
      "O-73_L": 2,
      "O-92_L": 1,
      "O-22_L": 2,
      "O-64_L": 1,
      "I-61_U": 2,
      "I-6_U": 2,
      "O-17_L": 1,
      "I-139_U": 1,
      "O-19_L": 1,
      "I-106_U": 0,
      "I-90_U": 1,
      "I-132_U": 0,
      "I-159_U": 1,
      "I-152_U": 1,
      "I-75_U": 0,
      "O-113_L": 1,
      "I-115_U": 1,
      "O-140_L": 1,
      "I-5_U": 1,
      "O-153_L": 1
    },
    "I-159_U": {
      "depot": 1,
      "O-73_L": 2,
      "O-92_L": 1,
      "O-22_L": 2,
      "O-64_L": 1,
      "I-61_U": 3,
      "I-6_U": 3,
      "O-17_L": 1,
      "I-139_U": 1,
      "O-19_L": 2,
      "I-106_U": 1,
      "I-90_U": 1,
      "I-132_U": 1,
      "I-159_U": 0,
      "I-152_U": 1,
      "I-75_U": 1,
      "O-113_L": 1,
      "I-115_U": 1,
      "O-140_L": 1,
      "I-5_U": 1,
      "O-153_L": 1
    },
    "I-152_U": {
      "depot": 2,
      "O-73_L": 2,
      "O-92_L": 2,
      "O-22_L": 2,
      "O-64_L": 2,
      "I-61_U": 2,
      "I-6_U": 2,
      "O-17_L": 1,
      "I-139_U": 1,
      "O-19_L": 1,
      "I-106_U": 1,
      "I-90_U": 1,
      "I-132_U": 1,
      "I-159_U": 1,
      "I-152_U": 0,
      "I-75_U": 1,
      "O-113_L": 1,
      "I-115_U": 1,
      "O-140_L": 1,
      "I-5_U": 1,
      "O-153_L": 0
    },
    "I-75_U": {
      "depot": 1,
      "O-73_L": 2,
      "O-92_L": 1,
      "O-22_L": 2,
      "O-64_L": 1,
      "I-61_U": 2,
      "I-6_U": 2,
      "O-17_L": 1,
      "I-139_U": 1,
      "O-19_L": 1,
      "I-106_U": 0,
      "I-90_U": 1,
      "I-132_U": 0,
      "I-159_U": 1,
      "I-152_U": 1,
      "I-75_U": 0,
      "O-113_L": 1,
      "I-115_U": 1,
      "O-140_L": 1,
      "I-5_U": 1,
      "O-153_L": 1
    },
    "O-113_L": {
      "depot": 2,
      "O-73_L": 2,
      "O-92_L": 2,
      "O-22_L": 2,
      "O-64_L": 2,
      "I-61_U": 2,
      "I-6_U": 2,
      "O-17_L": 1,
      "I-139_U": 1,
      "O-19_L": 1,
      "I-106_U": 1,
      "I-90_U": 1,
      "I-132_U": 1,
      "I-159_U": 1,
      "I-152_U": 1,
      "I-75_U": 1,
      "O-113_L": 0,
      "I-115_U": 1,
      "O-140_L": 1,
      "I-5_U": 1,
      "O-153_L": 1
    },
    "I-115_U": {
      "depot": 1,
      "O-73_L": 2,
      "O-92_L": 1,
      "O-22_L": 2,
      "O-64_L": 2,
      "I-61_U": 2,
      "I-6_U": 2,
      "O-17_L": 0,
      "I-139_U": 1,
      "O-19_L": 1,
      "I-106_U": 1,
      "I-90_U": 1,
      "I-132_U": 1,
      "I-159_U": 1,
      "I-152_U": 1,
      "I-75_U": 1,
      "O-113_L": 1,
      "I-115_U": 0,
      "O-140_L": 1,
      "I-5_U": 1,
      "O-153_L": 1
    },
    "O-140_L": {
      "depot": 1,
      "O-73_L": 2,
      "O-92_L": 1,
      "O-22_L": 2,
      "O-64_L": 1,
      "I-61_U": 2,
      "I-6_U": 2,
      "O-17_L": 1,
      "I-139_U": 0,
      "O-19_L": 1,
      "I-106_U": 1,
      "I-90_U": 1,
      "I-132_U": 1,
      "I-159_U": 1,
      "I-152_U": 1,
      "I-75_U": 1,
      "O-113_L": 1,
      "I-115_U": 1,
      "O-140_L": 0,
      "I-5_U": 1,
      "O-153_L": 1
    },
    "I-5_U": {
      "depot": 1,
      "O-73_L": 2,
      "O-92_L": 1,
      "O-22_L": 2,
      "O-64_L": 1,
      "I-61_U": 2,
      "I-6_U": 2,
      "O-17_L": 1,
      "I-139_U": 1,
      "O-19_L": 1,
      "I-106_U": 1,
      "I-90_U": 1,
      "I-132_U": 1,
      "I-159_U": 1,
      "I-152_U": 1,
      "I-75_U": 1,
      "O-113_L": 1,
      "I-115_U": 1,
      "O-140_L": 1,
      "I-5_U": 0,
      "O-153_L": 1
    },
    "O-153_L": {
      "depot": 2,
      "O-73_L": 2,
      "O-92_L": 2,
      "O-22_L": 2,
      "O-64_L": 2,
      "I-61_U": 2,
      "I-6_U": 2,
      "O-17_L": 1,
      "I-139_U": 1,
      "O-19_L": 1,
      "I-106_U": 1,
      "I-90_U": 1,
      "I-132_U": 1,
      "I-159_U": 1,
      "I-152_U": 0,
      "I-75_U": 1,
      "O-113_L": 1,
      "I-115_U": 1,
      "O-140_L": 1,
      "I-5_U": 1,
      "O-153_L": 0
    }
  },
  "workers": {
    "3": 24,
    "4": 11,
    "5": 3
  },
  "tasks": [
    "I-5_U",
    "I-6_U",
    "O-17_L",
    "O-19_L",
    "O-22_L",
    "I-61_U",
    "O-64_L",
    "O-73_L",
    "I-75_U",
    "I-90_U",
    "O-92_L",
    "I-106_U",
    "O-113_L",
    "I-115_U",
    "I-132_U",
    "I-139_U",
    "O-140_L",
    "O-153_L",
    "I-152_U",
    "I-159_U"
  ],
  "skill_levels": [
    3,
    4,
    5
  ]
}