{
  "tasks_per_formation": {
    "f_3:2,4:1": [
      "I-105_U",
      "O-124_L",
      "O-158_L",
      "I-117_U",
      "I-79_U"
    ],
    "f_3:2,4:2": [
      "I-161_U",
      "O-94_L",
      "O-99_L",
      "I-133_U",
      "I-157_U",
      "O-63_L",
      "O-85_L"
    ],
    "f_3:1,4:1": [
      "I-105_U",
      "O-124_L",
      "O-158_L",
      "I-161_U",
      "I-117_U",
      "O-99_L",
      "I-133_U",
      "I-79_U",
      "I-157_U",
      "O-85_L",
      "O-104_L"
    ],
    "f_3:1,4:2": [
      "O-104_L"
    ],
    "f_3:3": [
      "O-60_L",
      "I-22_U",
      "O-21_L",
      "I-20_U",
      "I-114_U",
      "O-56_L"
    ],
    "f_3:2": [
      "O-60_L",
      "I-22_U",
      "O-21_L",
      "O-150_L",
      "I-20_U",
      "I-114_U",
      "O-56_L"
    ]
  },
  "modes": {
    "O-124_L": {
      "f_3:2,4:1": 3,
      "f_3:1,4:1": 4
    },
    "O-158_L": {
      "f_3:2,4:1": 3,
      "f_3:1,4:1": 4
    },
    "I-161_U": {
      "f_3:2,4:2": 3,
      "f_3:1,4:1": 5
    },
    "O-94_L": {
      "f_3:2,4:2": 3
    },
    "O-60_L": {
      "f_3:3": 3,
      "f_3:2": 4
    },
    "O-99_L": {
      "f_3:2,4:2": 3,
      "f_3:1,4:1": 5
    },
    "O-21_L": {
      "f_3:3": 3,
      "f_3:2": 4
    },
    "O-63_L": {
      "f_3:2,4:2": 3
    },
    "O-85_L": {
      "f_3:2,4:2": 3,
      "f_3:1,4:1": 5
    },
    "O-56_L": {
      "f_3:3": 3,
      "f_3:2": 4
    },
    "I-105_U": {
      "f_3:2,4:1": 3,
      "f_3:1,4:1": 4
    },
    "I-117_U": {
      "f_3:2,4:1": 3,
      "f_3:1,4:1": 4
    },
    "I-133_U": {
      "f_3:2,4:2": 2,
      "f_3:1,4:1": 4
    },
    "I-22_U": {
      "f_3:3": 3,
      "f_3:2": 4
    },
    "I-79_U": {
      "f_3:2,4:1": 3,
      "f_3:1,4:1": 4
    },
    "I-157_U": {
      "f_3:2,4:2": 3,
      "f_3:1,4:1": 5
    },
    "O-150_L": {
      "f_3:2": 2
    },
    "I-20_U": {
      "f_3:3": 3,
      "f_3:2": 4
    },
    "O-104_L": {
      "f_3:1,4:1": 4,
      "f_3:1,4:2": 3
    },
    "I-114_U": {
      "f_3:3": 3,
      "f_3:2": 4
    }
  },
  "depot": "depot",
  "instants": [
    96,
    97,
    98,
    99,
    100,
    101,
    102,
    103,
    104,
    105,
    106,
    107,
    108,
    109,
    110,
    111,
    112,
    113,
    114,
    115,
    116
  ],
  "begin_horizon": 96,
  "end_horizon": 117,
  "earliest_start": {
    "O-124_L": 107,
    "O-158_L": 102,
    "I-161_U": 107,
    "O-94_L": 107,
    "O-60_L": 103,
    "O-99_L": 101,
    "O-21_L": 108,
    "O-63_L": 97,
    "O-85_L": 105,
    "O-56_L": 97,
    "I-105_U": 102,
    "I-117_U": 107,
    "I-133_U": 108,
    "I-22_U": 100,
    "I-79_U": 104,
    "I-157_U": 102,
    "O-150_L": 104,
    "I-20_U": 103,
    "O-104_L": 102,
    "I-114_U": 108
  },
  "latest_start": {
    "O-124_L": 109,
    "O-158_L": 103,
    "I-161_U": 109,
    "O-94_L": 108,
    "O-60_L": 105,
    "O-99_L": 103,
    "O-21_L": 110,
    "O-63_L": 98,
    "O-85_L": 107,
    "O-56_L": 99,
    "I-105_U": 103,
    "I-117_U": 109,
    "I-133_U": 110,
    "I-22_U": 101,
    "I-79_U": 106,
    "I-157_U": 104,
    "O-150_L": 105,
    "I-20_U": 105,
    "O-104_L": 103,
    "I-114_U": 109
  },
  "weights": {
    "O-124_L": 2.0,
    "O-158_L": 2.0,
    "I-161_U": 2.0,
    "O-94_L": 2.0,
    "O-60_L": 1.0,
    "O-99_L": 2.0,
    "O-21_L": 1.0,
    "O-63_L": 2.0,
    "O-85_L": 2.0,
    "O-56_L": 1.0,
    "I-105_U": 2.0,
    "I-117_U": 2.0,
    "I-133_U": 2.0,
    "I-22_U": 1.0,
    "I-79_U": 2.0,
    "I-157_U": 2.0,
    "O-150_L": 1.0,
    "I-20_U": 2.0,
    "O-104_L": 2.0,
    "I-114_U": 2.0
  },
  "workers_w_d": {
    "3": 19,
    "4": 6,
    "5": 0
  },
  "earliest_finish": {
    "O-124_L": 110,
    "O-158_L": 105,
    "I-161_U": 110,
    "O-94_L": 110,
    "O-60_L": 106,
    "O-99_L": 104,
    "O-21_L": 111,
    "O-63_L": 100,
    "O-85_L": 108,
    "O-56_L": 100,
    "I-105_U": 105,
    "I-117_U": 110,
    "I-133_U": 110,
    "I-22_U": 103,
    "I-79_U": 107,
    "I-157_U": 105,
    "O-150_L": 106,
    "I-20_U": 106,
    "O-104_L": 105,
    "I-114_U": 111
  },
  "formations": {
    "f_3:2,4:1": {
      "3": 2,
      "4": 1
    },
    "f_3:2,4:2": {
      "3": 2,
      "4": 2
    },
    "f_3:1,4:1": {
      "3": 1,
      "4": 1
    },
    "f_3:1,4:2": {
      "3": 1,
      "4": 2
    },
    "f_3:3": {
      "3": 3
    },
    "f_3:2": {
      "3": 2
    }
  },
  "modesSpeedID": {
    "O-124_L": {
      "f_3:2,4:1": "f",
      "f_3:1,4:1": "s"
    },
    "O-158_L": {
      "f_3:2,4:1": "f",
      "f_3:1,4:1": "s"
    },
    "I-161_U": {
      "f_3:2,4:2": "f",
      "f_3:1,4:1": "s"
    },
    "O-94_L": {
      "f_3:2,4:2": "f"
    },
    "O-60_L": {
      "f_3:3": "f",
      "f_3:2": "s"
    },
    "O-99_L": {
      "f_3:2,4:2": "f",
      "f_3:1,4:1": "s"
    },
    "O-21_L": {
      "f_3:3": "f",
      "f_3:2": "s"
    },
    "O-63_L": {
      "f_3:2,4:2": "f"
    },
    "O-85_L": {
      "f_3:2,4:2": "f",
      "f_3:1,4:1": "s"
    },
    "O-56_L": {
      "f_3:3": "f",
      "f_3:2": "s"
    },
    "I-105_U": {
      "f_3:2,4:1": "f",
      "f_3:1,4:1": "s"
    },
    "I-117_U": {
      "f_3:2,4:1": "f",
      "f_3:1,4:1": "s"
    },
    "I-133_U": {
      "f_3:2,4:2": "f",
      "f_3:1,4:1": "s"
    },
    "I-22_U": {
      "f_3:3": "f",
      "f_3:2": "s"
    },
    "I-79_U": {
      "f_3:2,4:1": "f",
      "f_3:1,4:1": "s"
    },
    "I-157_U": {
      "f_3:2,4:2": "f",
      "f_3:1,4:1": "s"
    },
    "O-150_L": {
      "f_3:2": "s"
    },
    "I-20_U": {
      "f_3:3": "f",
      "f_3:2": "s"
    },
    "O-104_L": {
      "f_3:1,4:1": "s",
      "f_3:1,4:2": "f"
    },
    "I-114_U": {
      "f_3:3": "f",
      "f_3:2": "s"
    }
  },
  "formations_w_d": {
    "f_3:2,4:1": {
      "3": 3,
      "4": 1
    },
    "f_3:2,4:2": {
      "3": 4,
      "4": 2
    },
    "f_3:1,4:1": {
      "3": 2,
      "4": 1
    },
    "f_3:1,4:2": {
      "3": 3,
      "4": 2
    },
    "f_3:3": {
      "3": 3
    },
    "f_3:2": {
      "3": 2
    }
  },
  "latest_finish": {
    "O-124_L": 112,
    "O-158_L": 106,
    "I-161_U": 112,
    "O-94_L": 111,
    "O-60_L": 108,
    "O-99_L": 106,
    "O-21_L": 113,
    "O-63_L": 101,
    "O-85_L": 110,
    "O-56_L": 102,
    "I-105_U": 106,
    "I-117_U": 112,
    "I-133_U": 112,
    "I-22_U": 104,
    "I-79_U": 109,
    "I-157_U": 107,
    "O-150_L": 107,
    "I-20_U": 108,
    "O-104_L": 106,
    "I-114_U": 112
  },
  "travel_times": {
    "O-124_L": {
      "O-124_L": 0,
      "O-158_L": 1,
      "I-161_U": 1,
      "depot": 1,
      "O-94_L": 3,
      "O-60_L": 1,
      "O-99_L": 1,
      "O-21_L": 2,
      "O-63_L": 1,
      "O-85_L": 1,
      "O-56_L": 1,
      "I-105_U": 1,
      "I-117_U": 1,
      "I-133_U": 1,
      "I-22_U": 2,
      "I-79_U": 3,
      "I-157_U": 1,
      "O-150_L": 1,
      "I-20_U": 1,
      "O-104_L": 1,
      "I-114_U": 1
    },
    "O-158_L": {
      "O-124_L": 1,
      "O-158_L": 0,
      "I-161_U": 2,
      "depot": 1,
      "O-94_L": 3,
      "O-60_L": 1,
      "O-99_L": 1,
      "O-21_L": 3,
      "O-63_L": 0,
      "O-85_L": 1,
      "O-56_L": 1,
      "I-105_U": 2,
      "I-117_U": 1,
      "I-133_U": 1,
      "I-22_U": 3,
      "I-79_U": 3,
      "I-157_U": 0,
      "O-150_L": 2,
      "I-20_U": 1,
      "O-104_L": 2,
      "I-114_U": 2
    },
    "I-161_U": {
      "O-124_L": 1,
      "O-158_L": 2,
      "I-161_U": 0,
      "depot": 2,
      "O-94_L": 2,
      "O-60_L": 1,
      "O-99_L": 1,
      "O-21_L": 2,
      "O-63_L": 2,
      "O-85_L": 1,
      "O-56_L": 2,
      "I-105_U": 1,
      "I-117_U": 1,
      "I-133_U": 1,
      "I-22_U": 2,
      "I-79_U": 2,
      "I-157_U": 2,
      "O-150_L": 1,
      "I-20_U": 2,
      "O-104_L": 1,
      "I-114_U": 1
    },
    "depot": {
      "O-124_L": 1,
      "O-158_L": 1,
      "I-161_U": 2,
      "O-94_L": 3,
      "O-60_L": 1,
      "O-99_L": 1,
      "O-21_L": 3,
      "O-63_L": 1,
      "O-85_L": 1,
      "O-56_L": 1,
      "I-105_U": 2,
      "I-117_U": 1,
      "I-133_U": 1,
      "I-22_U": 3,
      "I-79_U": 3,
      "I-157_U": 1,
      "O-150_L": 2,
      "I-20_U": 1,
      "O-104_L": 2,
      "I-114_U": 2
    },
    "O-94_L": {
      "O-124_L": 3,
      "O-158_L": 3,
      "I-161_U": 2,
      "depot": 3,
      "O-94_L": 0,
      "O-60_L": 2,
      "O-99_L": 3,
      "O-21_L": 1,
      "O-63_L": 3,
      "O-85_L": 2,
      "O-56_L": 3,
      "I-105_U": 2,
      "I-117_U": 2,
      "I-133_U": 2,
      "I-22_U": 1,
      "I-79_U": 0,
      "I-157_U": 3,
      "O-150_L": 2,
      "I-20_U": 3,
      "O-104_L": 2,
      "I-114_U": 2
    },
    "O-60_L": {
      "O-124_L": 1,
      "O-158_L": 1,
      "I-161_U": 1,
      "depot": 1,
      "O-94_L": 2,
      "O-60_L": 0,
      "O-99_L": 1,
      "O-21_L": 2,
      "O-63_L": 1,
      "O-85_L": 1,
      "O-56_L": 1,
      "I-105_U": 1,
      "I-117_U": 1,
      "I-133_U": 0,
      "I-22_U": 2,
      "I-79_U": 2,
      "I-157_U": 1,
      "O-150_L": 1,
      "I-20_U": 1,
      "O-104_L": 1,
      "I-114_U": 1
    },
    "O-99_L": {
      "O-124_L": 1,
      "O-158_L": 1,
      "I-161_U": 1,
      "depot": 1,
      "O-94_L": 3,
      "O-60_L": 1,
      "O-99_L": 0,
      "O-21_L": 2,
      "O-63_L": 1,
      "O-85_L": 1,
      "O-56_L": 1,
      "I-105_U": 1,
      "I-117_U": 1,
      "I-133_U": 1,
      "I-22_U": 2,
      "I-79_U": 3,
      "I-157_U": 1,
      "O-150_L": 1,
      "I-20_U": 1,
      "O-104_L": 1,
      "I-114_U": 1
    },
    "O-21_L": {
      "O-124_L": 2,
      "O-158_L": 3,
      "I-161_U": 2,
      "depot": 3,
      "O-94_L": 1,
      "O-60_L": 2,
      "O-99_L": 2,
      "O-21_L": 0,
      "O-63_L": 3,
      "O-85_L": 2,
      "O-56_L": 2,
      "I-105_U": 2,
      "I-117_U": 2,
      "I-133_U": 2,
      "I-22_U": 0,
      "I-79_U": 1,
      "I-157_U": 3,
      "O-150_L": 2,
      "I-20_U": 2,
      "O-104_L": 2,
      "I-114_U": 2
    },
    "O-63_L": {
      "O-124_L": 1,
      "O-158_L": 0,
      "I-161_U": 2,
      "depot": 1,
      "O-94_L": 3,
      "O-60_L": 1,
      "O-99_L": 1,
      "O-21_L": 3,
      "O-63_L": 0,
      "O-85_L": 1,
      "O-56_L": 1,
      "I-105_U": 2,
      "I-117_U": 1,
      "I-133_U": 1,
      "I-22_U": 3,
      "I-79_U": 3,
      "I-157_U": 0,
      "O-150_L": 2,
      "I-20_U": 1,
      "O-104_L": 2,
      "I-114_U": 2
    },
    "O-85_L": {
      "O-124_L": 1,
      "O-158_L": 1,
      "I-161_U": 1,
      "depot": 1,
      "O-94_L": 2,
      "O-60_L": 1,
      "O-99_L": 1,
      "O-21_L": 2,
      "O-63_L": 1,
      "O-85_L": 0,
      "O-56_L": 1,
      "I-105_U": 1,
      "I-117_U": 1,
      "I-133_U": 1,
      "I-22_U": 2,
      "I-79_U": 2,
      "I-157_U": 1,
      "O-150_L": 1,
      "I-20_U": 1,
      "O-104_L": 1,
      "I-114_U": 1
    },
    "O-56_L": {
      "O-124_L": 1,
      "O-158_L": 1,
      "I-161_U": 2,
      "depot": 1,
      "O-94_L": 3,
      "O-60_L": 1,
      "O-99_L": 1,
      "O-21_L": 2,
      "O-63_L": 1,
      "O-85_L": 1,
      "O-56_L": 0,
      "I-105_U": 1,
      "I-117_U": 1,
      "I-133_U": 1,
      "I-22_U": 2,
      "I-79_U": 3,
      "I-157_U": 1,
      "O-150_L": 1,
      "I-20_U": 0,
      "O-104_L": 1,
      "I-114_U": 1
    },
    "I-105_U": {
      "O-124_L": 1,
      "O-158_L": 2,
      "I-161_U": 1,
      "depot": 2,
      "O-94_L": 2,
      "O-60_L": 1,
      "O-99_L": 1,
      "O-21_L": 2,
      "O-63_L": 2,
      "O-85_L": 1,
      "O-56_L": 1,
      "I-105_U": 0,
      "I-117_U": 1,
      "I-133_U": 1,
      "I-22_U": 2,
      "I-79_U": 2,
      "I-157_U": 2,
      "O-150_L": 1,
      "I-20_U": 1,
      "O-104_L": 0,
      "I-114_U": 0
    },
    "I-117_U": {
      "O-124_L": 1,
      "O-158_L": 1,
      "I-161_U": 1,
      "depot": 1,
      "O-94_L": 2,
      "O-60_L": 1,
      "O-99_L": 1,
      "O-21_L": 2,
      "O-63_L": 1,
      "O-85_L": 1,
      "O-56_L": 1,
      "I-105_U": 1,
      "I-117_U": 0,
      "I-133_U": 1,
      "I-22_U": 2,
      "I-79_U": 2,
      "I-157_U": 1,
      "O-150_L": 1,
      "I-20_U": 1,
      "O-104_L": 1,
      "I-114_U": 1
    },
    "I-133_U": {
      "O-124_L": 1,
      "O-158_L": 1,
      "I-161_U": 1,
      "depot": 1,
      "O-94_L": 2,
      "O-60_L": 0,
      "O-99_L": 1,
      "O-21_L": 2,
      "O-63_L": 1,
      "O-85_L": 1,
      "O-56_L": 1,
      "I-105_U": 1,
      "I-117_U": 1,
      "I-133_U": 0,
      "I-22_U": 2,
      "I-79_U": 2,
      "I-157_U": 1,
      "O-150_L": 1,
      "I-20_U": 1,
      "O-104_L": 1,
      "I-114_U": 1
    },
    "I-22_U": {
      "O-124_L": 2,
      "O-158_L": 3,
      "I-161_U": 2,
      "depot": 3,
      "O-94_L": 1,
      "O-60_L": 2,
      "O-99_L": 2,
      "O-21_L": 0,
      "O-63_L": 3,
      "O-85_L": 2,
      "O-56_L": 2,
      "I-105_U": 2,
      "I-117_U": 2,
      "I-133_U": 2,
      "I-22_U": 0,
      "I-79_U": 1,
      "I-157_U": 3,
      "O-150_L": 2,
      "I-20_U": 2,
      "O-104_L": 2,
      "I-114_U": 2
    },
    "I-79_U": {
      "O-124_L": 3,
      "O-158_L": 3,
      "I-161_U": 2,
      "depot": 3,
      "O-94_L": 0,
      "O-60_L": 2,
      "O-99_L": 3,
      "O-21_L": 1,
      "O-63_L": 3,
      "O-85_L": 2,
      "O-56_L": 3,
      "I-105_U": 2,
      "I-117_U": 2,
      "I-133_U": 2,
      "I-22_U": 1,
      "I-79_U": 0,
      "I-157_U": 3,
      "O-150_L": 2,
      "I-20_U": 3,
      "O-104_L": 2,
      "I-114_U": 2
    },
    "I-157_U": {
      "O-124_L": 1,
      "O-158_L": 0,
      "I-161_U": 2,
      "depot": 1,
      "O-94_L": 3,
      "O-60_L": 1,
      "O-99_L": 1,
      "O-21_L": 3,
      "O-63_L": 0,
      "O-85_L": 1,
      "O-56_L": 1,
      "I-105_U": 2,
      "I-117_U": 1,
      "I-133_U": 1,
      "I-22_U": 3,
      "I-79_U": 3,
      "I-157_U": 0,
      "O-150_L": 2,
      "I-20_U": 1,
      "O-104_L": 2,
      "I-114_U": 2
    },
    "O-150_L": {
      "O-124_L": 1,
      "O-158_L": 2,
      "I-161_U": 1,
      "depot": 2,
      "O-94_L": 2,
      "O-60_L": 1,
      "O-99_L": 1,
      "O-21_L": 2,
      "O-63_L": 2,
      "O-85_L": 1,
      "O-56_L": 1,
      "I-105_U": 1,
      "I-117_U": 1,
      "I-133_U": 1,
      "I-22_U": 2,
      "I-79_U": 2,
      "I-157_U": 2,
      "O-150_L": 0,
      "I-20_U": 1,
      "O-104_L": 1,
      "I-114_U": 1
    },
    "I-20_U": {
      "O-124_L": 1,
      "O-158_L": 1,
      "I-161_U": 2,
      "depot": 1,
      "O-94_L": 3,
      "O-60_L": 1,
      "O-99_L": 1,
      "O-21_L": 2,
      "O-63_L": 1,
      "O-85_L": 1,
      "O-56_L": 0,
      "I-105_U": 1,
      "I-117_U": 1,
      "I-133_U": 1,
      "I-22_U": 2,
      "I-79_U": 3,
      "I-157_U": 1,
      "O-150_L": 1,
      "I-20_U": 0,
      "O-104_L": 1,
      "I-114_U": 1
    },
    "O-104_L": {
      "O-124_L": 1,
      "O-158_L": 2,
      "I-161_U": 1,
      "depot": 2,
      "O-94_L": 2,
      "O-60_L": 1,
      "O-99_L": 1,
      "O-21_L": 2,
      "O-63_L": 2,
      "O-85_L": 1,
      "O-56_L": 1,
      "I-105_U": 0,
      "I-117_U": 1,
      "I-133_U": 1,
      "I-22_U": 2,
      "I-79_U": 2,
      "I-157_U": 2,
      "O-150_L": 1,
      "I-20_U": 1,
      "O-104_L": 0,
      "I-114_U": 0
    },
    "I-114_U": {
      "O-124_L": 1,
      "O-158_L": 2,
      "I-161_U": 1,
      "depot": 2,
      "O-94_L": 2,
      "O-60_L": 1,
      "O-99_L": 1,
      "O-21_L": 2,
      "O-63_L": 2,
      "O-85_L": 1,
      "O-56_L": 1,
      "I-105_U": 0,
      "I-117_U": 1,
      "I-133_U": 1,
      "I-22_U": 2,
      "I-79_U": 2,
      "I-157_U": 2,
      "O-150_L": 1,
      "I-20_U": 1,
      "O-104_L": 0,
      "I-114_U": 0
    }
  },
  "workers": {
    "3": 13,
    "4": 6,
    "5": 0
  },
  "tasks": [
    "I-20_U",
    "O-21_L",
    "I-22_U",
    "O-56_L",
    "O-60_L",
    "O-63_L",
    "I-79_U",
    "O-85_L",
    "O-94_L",
    "O-99_L",
    "I-105_U",
    "O-104_L",
    "I-114_U",
    "I-117_U",
    "O-124_L",
    "I-133_U",
    "O-150_L",
    "I-157_U",
    "O-158_L",
    "I-161_U"
  ],
  "skill_levels": [
    3,
    4,
    5
  ]
}