{
  "tasks_per_formation": {
    "f_3:2,4:1": [
      "I-63_U",
      "O-59_L"
    ],
    "f_3:2,4:2": [
      "O-32_L",
      "I-49_U",
      "O-64_L",
      "O-3_L"
    ],
    "f_3:1,4:1": [
      "I-63_U",
      "I-49_U",
      "O-45_L",
      "O-59_L"
    ],
    "f_3:1,4:2": [
      "O-45_L"
    ],
    "f_3:3": [
      "O-2_L",
      "I-35_U"
    ],
    "f_3:2": [
      "I-28_U",
      "O-2_L",
      "I-35_U"
    ]
  },
  "modes": {
    "I-63_U": {
      "f_3:2,4:1": 3,
      "f_3:1,4:1": 4
    },
    "I-28_U": {
      "f_3:2": 3
    },
    "O-32_L": {
      "f_3:2,4:2": 3
    },
    "I-49_U": {
      "f_3:2,4:2": 3,
      "f_3:1,4:1": 5
    },
    "O-64_L": {
      "f_3:2,4:2": 3
    },
    "O-3_L": {
      "f_3:2,4:2": 3
    },
    "O-45_L": {
      "f_3:1,4:1": 4,
      "f_3:1,4:2": 3
    },
    "O-59_L": {
      "f_3:2,4:1": 3,
      "f_3:1,4:1": 4
    },
    "O-2_L": {
      "f_3:3": 3,
      "f_3:2": 4
    },
    "I-35_U": {
      "f_3:3": 3,
      "f_3:2": 5
    }
  },
  "depot": "depot",
  "instants": [
    95,
    96,
    97,
    98,
    99,
    100,
    101,
    102,
    103,
    104,
    105,
    106,
    107,
    108,
    109,
    110,
    111,
    112,
    113,
    114
  ],
  "begin_horizon": 95,
  "end_horizon": 115,
  "earliest_start": {
    "I-63_U": 96,
    "I-28_U": 99,
    "O-32_L": 103,
    "I-49_U": 104,
    "O-64_L": 102,
    "O-3_L": 104,
    "O-45_L": 105,
    "O-59_L": 101,
    "O-2_L": 101,
    "I-35_U": 108
  },
  "latest_start": {
    "I-63_U": 99,
    "I-28_U": 100,
    "O-32_L": 106,
    "I-49_U": 106,
    "O-64_L": 105,
    "O-3_L": 105,
    "O-45_L": 107,
    "O-59_L": 103,
    "O-2_L": 103,
    "I-35_U": 110
  },
  "weights": {
    "I-63_U": 2.0,
    "I-28_U": 1.0,
    "O-32_L": 2.0,
    "I-49_U": 2.0,
    "O-64_L": 2.0,
    "O-3_L": 2.0,
    "O-45_L": 2.0,
    "O-59_L": 2.0,
    "O-2_L": 1.0,
    "I-35_U": 2.0
  },
  "workers_w_d": {
    "3": 16,
    "4": 7,
    "5": 0
  },
  "earliest_finish": {
    "I-63_U": 99,
    "I-28_U": 102,
    "O-32_L": 106,
    "I-49_U": 107,
    "O-64_L": 105,
    "O-3_L": 107,
    "O-45_L": 108,
    "O-59_L": 104,
    "O-2_L": 104,
    "I-35_U": 111
  },
  "formations": {
    "f_3:2,4:1": {
      "3": 2,
      "4": 1
    },
    "f_3:2,4:2": {
      "3": 2,
      "4": 2
    },
    "f_3:1,4:1": {
      "3": 1,
      "4": 1
    },
    "f_3:1,4:2": {
      "3": 1,
      "4": 2
    },
    "f_3:3": {
      "3": 3
    },
    "f_3:2": {
      "3": 2
    }
  },
  "modesSpeedID": {
    "I-63_U": {
      "f_3:2,4:1": "f",
      "f_3:1,4:1": "s"
    },
    "I-28_U": {
      "f_3:2": "s"
    },
    "O-32_L": {
      "f_3:2,4:2": "f"
    },
    "I-49_U": {
      "f_3:2,4:2": "f",
      "f_3:1,4:1": "s"
    },
    "O-64_L": {
      "f_3:2,4:2": "f"
    },
    "O-3_L": {
      "f_3:2,4:2": "f"
    },
    "O-45_L": {
      "f_3:1,4:1": "s",
      "f_3:1,4:2": "f"
    },
    "O-59_L": {
      "f_3:2,4:1": "f",
      "f_3:1,4:1": "s"
    },
    "O-2_L": {
      "f_3:3": "f",
      "f_3:2": "s"
    },
    "I-35_U": {
      "f_3:3": "f",
      "f_3:2": "s"
    }
  },
  "formations_w_d": {
    "f_3:2,4:1": {
      "3": 3,
      "4": 1
    },
    "f_3:2,4:2": {
      "3": 4,
      "4": 2
    },
    "f_3:1,4:1": {
      "3": 2,
      "4": 1
    },
    "f_3:1,4:2": {
      "3": 3,
      "4": 2
    },
    "f_3:3": {
      "3": 3
    },
    "f_3:2": {
      "3": 2
    }
  },
  "latest_finish": {
    "I-63_U": 102,
    "I-28_U": 103,
    "O-32_L": 109,
    "I-49_U": 109,
    "O-64_L": 108,
    "O-3_L": 108,
    "O-45_L": 110,
    "O-59_L": 106,
    "O-2_L": 106,
    "I-35_U": 113
  },
  "travel_times": {
    "I-63_U": {
      "I-63_U": 0,
      "I-28_U": 1,
      "depot": 1,
      "O-32_L": 1,
      "I-49_U": 2,
      "O-64_L": 0,
      "O-3_L": 1,
      "O-45_L": 1,
      "O-59_L": 2,
      "O-2_L": 1,
      "I-35_U": 1
    },
    "I-28_U": {
      "I-63_U": 1,
      "I-28_U": 0,
      "depot": 1,
      "O-32_L": 1,
      "I-49_U": 1,
      "O-64_L": 1,
      "O-3_L": 1,
      "O-45_L": 1,
      "O-59_L": 1,
      "O-2_L": 1,
      "I-35_U": 1
    },
    "depot": {
      "I-63_U": 1,
      "I-28_U": 1,
      "O-32_L": 1,
      "I-49_U": 1,
      "O-64_L": 1,
      "O-3_L": 1,
      "O-45_L": 1,
      "O-59_L": 1,
      "O-2_L": 1,
      "I-35_U": 1
    },
    "O-32_L": {
      "I-63_U": 1,
      "I-28_U": 1,
      "depot": 1,
      "O-32_L": 0,
      "I-49_U": 2,
      "O-64_L": 1,
      "O-3_L": 1,
      "O-45_L": 1,
      "O-59_L": 2,
      "O-2_L": 1,
      "I-35_U": 1
    },
    "I-49_U": {
      "I-63_U": 2,
      "I-28_U": 1,
      "depot": 1,
      "O-32_L": 2,
      "I-49_U": 0,
      "O-64_L": 2,
      "O-3_L": 1,
      "O-45_L": 1,
      "O-59_L": 0,
      "O-2_L": 1,
      "I-35_U": 1
    },
    "O-64_L": {
      "I-63_U": 0,
      "I-28_U": 1,
      "depot": 1,
      "O-32_L": 1,
      "I-49_U": 2,
      "O-64_L": 0,
      "O-3_L": 1,
      "O-45_L": 1,
      "O-59_L": 2,
      "O-2_L": 1,
      "I-35_U": 1
    },
    "O-3_L": {
      "I-63_U": 1,
      "I-28_U": 1,
      "depot": 1,
      "O-32_L": 1,
      "I-49_U": 1,
      "O-64_L": 1,
      "O-3_L": 0,
      "O-45_L": 1,
      "O-59_L": 1,
      "O-2_L": 1,
      "I-35_U": 1
    },
    "O-45_L": {
      "I-63_U": 1,
      "I-28_U": 1,
      "depot": 1,
      "O-32_L": 1,
      "I-49_U": 1,
      "O-64_L": 1,
      "O-3_L": 1,
      "O-45_L": 0,
      "O-59_L": 1,
      "O-2_L": 1,
      "I-35_U": 1
    },
    "O-59_L": {
      "I-63_U": 2,
      "I-28_U": 1,
      "depot": 1,
      "O-32_L": 2,
      "I-49_U": 0,
      "O-64_L": 2,
      "O-3_L": 1,
      "O-45_L": 1,
      "O-59_L": 0,
      "O-2_L": 1,
      "I-35_U": 1
    },
    "O-2_L": {
      "I-63_U": 1,
      "I-28_U": 1,
      "depot": 1,
      "O-32_L": 1,
      "I-49_U": 1,
      "O-64_L": 1,
      "O-3_L": 1,
      "O-45_L": 1,
      "O-59_L": 1,
      "O-2_L": 0,
      "I-35_U": 0
    },
    "I-35_U": {
      "I-63_U": 1,
      "I-28_U": 1,
      "depot": 1,
      "O-32_L": 1,
      "I-49_U": 1,
      "O-64_L": 1,
      "O-3_L": 1,
      "O-45_L": 1,
      "O-59_L": 1,
      "O-2_L": 0,
      "I-35_U": 0
    }
  },
  "workers": {
    "3": 9,
    "4": 7,
    "5": 0
  },
  "tasks": [
    "O-2_L",
    "O-3_L",
    "I-28_U",
    "O-32_L",
    "I-35_U",
    "O-45_L",
    "I-49_U",
    "O-59_L",
    "I-63_U",
    "O-64_L"
  ],
  "skill_levels": [
    3,
    4,
    5
  ]
}