{
  "tasks_per_formation": {
    "f_3:2,4:1": [
      "O-39_L",
      "I-51_U",
      "O-84_L",
      "O-7_L",
      "I-79_U"
    ],
    "f_3:1,4:2,5:2": [
      "O-3_L"
    ],
    "f_3:2,4:2": [
      "O-39_L",
      "I-51_U",
      "O-84_L",
      "I-79_U"
    ],
    "f_3:1,4:1": [
      "I-51_U",
      "O-7_L"
    ],
    "f_3:1,4:1,5:1": [
      "O-3_L"
    ],
    "f_3:3": [
      "I-48_U"
    ],
    "f_3:2": [
      "I-8_U",
      "O-38_L",
      "I-48_U"
    ],
    "f_3:2,4:2,5:2": [
      "I-9_U"
    ],
    "f_3:2,4:1,5:1": [
      "I-9_U"
    ]
  },
  "modes": {
    "I-8_U": {
      "f_3:2": 2
    },
    "O-39_L": {
      "f_3:2,4:1": 4,
      "f_3:2,4:2": 3
    },
    "I-9_U": {
      "f_3:2,4:2,5:2": 6,
      "f_3:2,4:1,5:1": 10
    },
    "O-38_L": {
      "f_3:2": 2
    },
    "I-51_U": {
      "f_3:2,4:1": 4,
      "f_3:2,4:2": 3,
      "f_3:1,4:1": 5
    },
    "O-84_L": {
      "f_3:2,4:1": 4,
      "f_3:2,4:2": 3
    },
    "O-7_L": {
      "f_3:2,4:1": 3,
      "f_3:1,4:1": 5
    },
    "I-79_U": {
      "f_3:2,4:1": 4,
      "f_3:2,4:2": 3
    },
    "I-48_U": {
      "f_3:3": 3,
      "f_3:2": 4
    },
    "O-3_L": {
      "f_3:1,4:2,5:2": 8,
      "f_3:1,4:1,5:1": 11
    }
  },
  "depot": "depot",
  "instants": [
    96,
    97,
    98,
    99,
    100,
    101,
    102,
    103,
    104,
    105,
    106,
    107,
    108,
    109,
    110,
    111,
    112,
    113,
    114,
    115,
    116,
    117,
    118
  ],
  "begin_horizon": 96,
  "end_horizon": 119,
  "earliest_start": {
    "I-8_U": 102,
    "O-39_L": 102,
    "I-9_U": 105,
    "O-38_L": 97,
    "I-51_U": 106,
    "O-84_L": 101,
    "O-7_L": 108,
    "I-79_U": 99,
    "I-48_U": 105,
    "O-3_L": 102
  },
  "latest_start": {
    "I-8_U": 104,
    "O-39_L": 103,
    "I-9_U": 110,
    "O-38_L": 99,
    "I-51_U": 108,
    "O-84_L": 103,
    "O-7_L": 111,
    "I-79_U": 100,
    "I-48_U": 106,
    "O-3_L": 109
  },
  "weights": {
    "I-8_U": 2.0,
    "O-39_L": 2.0,
    "I-9_U": 4.0,
    "O-38_L": 1.0,
    "I-51_U": 2.0,
    "O-84_L": 2.0,
    "O-7_L": 2.0,
    "I-79_U": 2.0,
    "I-48_U": 1.0,
    "O-3_L": 3.0
  },
  "workers_w_d": {
    "3": 23,
    "4": 11,
    "5": 3
  },
  "earliest_finish": {
    "I-8_U": 104,
    "O-39_L": 105,
    "I-9_U": 111,
    "O-38_L": 99,
    "I-51_U": 109,
    "O-84_L": 104,
    "O-7_L": 111,
    "I-79_U": 102,
    "I-48_U": 108,
    "O-3_L": 110
  },
  "formations": {
    "f_3:2,4:1": {
      "3": 2,
      "4": 1
    },
    "f_3:1,4:2,5:2": {
      "3": 1,
      "4": 2,
      "5": 2
    },
    "f_3:2,4:2": {
      "3": 2,
      "4": 2
    },
    "f_3:1,4:1": {
      "3": 1,
      "4": 1
    },
    "f_3:1,4:1,5:1": {
      "3": 1,
      "4": 1,
      "5": 1
    },
    "f_3:3": {
      "3": 3
    },
    "f_3:2": {
      "3": 2
    },
    "f_3:2,4:2,5:2": {
      "3": 2,
      "4": 2,
      "5": 2
    },
    "f_3:2,4:1,5:1": {
      "3": 2,
      "4": 1,
      "5": 1
    }
  },
  "modesSpeedID": {
    "I-8_U": {
      "f_3:2": "s"
    },
    "O-39_L": {
      "f_3:2,4:1": "i",
      "f_3:2,4:2": "f"
    },
    "I-9_U": {
      "f_3:2,4:2,5:2": "f",
      "f_3:2,4:1,5:1": "i"
    },
    "O-38_L": {
      "f_3:2": "s"
    },
    "I-51_U": {
      "f_3:2,4:1": "i",
      "f_3:2,4:2": "f",
      "f_3:1,4:1": "s"
    },
    "O-84_L": {
      "f_3:2,4:1": "i",
      "f_3:2,4:2": "f"
    },
    "O-7_L": {
      "f_3:2,4:1": "f",
      "f_3:1,4:1": "s"
    },
    "I-79_U": {
      "f_3:2,4:1": "i",
      "f_3:2,4:2": "f"
    },
    "I-48_U": {
      "f_3:3": "f",
      "f_3:2": "s"
    },
    "O-3_L": {
      "f_3:1,4:2,5:2": "f",
      "f_3:1,4:1,5:1": "s"
    }
  },
  "formations_w_d": {
    "f_3:2,4:1": {
      "3": 3,
      "4": 1
    },
    "f_3:1,4:2,5:2": {
      "3": 5,
      "4": 4,
      "5": 2
    },
    "f_3:2,4:2": {
      "3": 4,
      "4": 2
    },
    "f_3:1,4:1": {
      "3": 2,
      "4": 1
    },
    "f_3:1,4:1,5:1": {
      "3": 3,
      "4": 2,
      "5": 1
    },
    "f_3:3": {
      "3": 3
    },
    "f_3:2": {
      "3": 2
    },
    "f_3:2,4:2,5:2": {
      "3": 6,
      "4": 4,
      "5": 2
    },
    "f_3:2,4:1,5:1": {
      "3": 4,
      "4": 2,
      "5": 1
    }
  },
  "latest_finish": {
    "I-8_U": 106,
    "O-39_L": 106,
    "I-9_U": 116,
    "O-38_L": 101,
    "I-51_U": 111,
    "O-84_L": 106,
    "O-7_L": 114,
    "I-79_U": 103,
    "I-48_U": 109,
    "O-3_L": 117
  },
  "travel_times": {
    "I-8_U": {
      "I-8_U": 0,
      "O-39_L": 2,
      "I-9_U": 2,
      "O-38_L": 2,
      "I-51_U": 2,
      "O-84_L": 2,
      "depot": 3,
      "O-7_L": 0,
      "I-79_U": 2,
      "I-48_U": 2,
      "O-3_L": 2
    },
    "O-39_L": {
      "I-8_U": 2,
      "O-39_L": 0,
      "I-9_U": 1,
      "O-38_L": 0,
      "I-51_U": 1,
      "O-84_L": 1,
      "depot": 1,
      "O-7_L": 2,
      "I-79_U": 1,
      "I-48_U": 1,
      "O-3_L": 1
    },
    "I-9_U": {
      "I-8_U": 2,
      "O-39_L": 1,
      "I-9_U": 0,
      "O-38_L": 1,
      "I-51_U": 1,
      "O-84_L": 0,
      "depot": 1,
      "O-7_L": 2,
      "I-79_U": 1,
      "I-48_U": 1,
      "O-3_L": 1
    },
    "O-38_L": {
      "I-8_U": 2,
      "O-39_L": 0,
      "I-9_U": 1,
      "O-38_L": 0,
      "I-51_U": 1,
      "O-84_L": 1,
      "depot": 1,
      "O-7_L": 2,
      "I-79_U": 1,
      "I-48_U": 1,
      "O-3_L": 1
    },
    "I-51_U": {
      "I-8_U": 2,
      "O-39_L": 1,
      "I-9_U": 1,
      "O-38_L": 1,
      "I-51_U": 0,
      "O-84_L": 1,
      "depot": 2,
      "O-7_L": 2,
      "I-79_U": 1,
      "I-48_U": 1,
      "O-3_L": 1
    },
    "O-84_L": {
      "I-8_U": 2,
      "O-39_L": 1,
      "I-9_U": 0,
      "O-38_L": 1,
      "I-51_U": 1,
      "O-84_L": 0,
      "depot": 1,
      "O-7_L": 2,
      "I-79_U": 1,
      "I-48_U": 1,
      "O-3_L": 1
    },
    "depot": {
      "I-8_U": 3,
      "O-39_L": 1,
      "I-9_U": 1,
      "O-38_L": 1,
      "I-51_U": 2,
      "O-84_L": 1,
      "O-7_L": 3,
      "I-79_U": 1,
      "I-48_U": 1,
      "O-3_L": 1
    },
    "O-7_L": {
      "I-8_U": 0,
      "O-39_L": 2,
      "I-9_U": 2,
      "O-38_L": 2,
      "I-51_U": 2,
      "O-84_L": 2,
      "depot": 3,
      "O-7_L": 0,
      "I-79_U": 2,
      "I-48_U": 2,
      "O-3_L": 2
    },
    "I-79_U": {
      "I-8_U": 2,
      "O-39_L": 1,
      "I-9_U": 1,
      "O-38_L": 1,
      "I-51_U": 1,
      "O-84_L": 1,
      "depot": 1,
      "O-7_L": 2,
      "I-79_U": 0,
      "I-48_U": 1,
      "O-3_L": 1
    },
    "I-48_U": {
      "I-8_U": 2,
      "O-39_L": 1,
      "I-9_U": 1,
      "O-38_L": 1,
      "I-51_U": 1,
      "O-84_L": 1,
      "depot": 1,
      "O-7_L": 2,
      "I-79_U": 1,
      "I-48_U": 0,
      "O-3_L": 1
    },
    "O-3_L": {
      "I-8_U": 2,
      "O-39_L": 1,
      "I-9_U": 1,
      "O-38_L": 1,
      "I-51_U": 1,
      "O-84_L": 1,
      "depot": 1,
      "O-7_L": 2,
      "I-79_U": 1,
      "I-48_U": 1,
      "O-3_L": 0
    }
  },
  "workers": {
    "3": 12,
    "4": 8,
    "5": 3
  },
  "tasks": [
    "O-3_L",
    "O-7_L",
    "I-8_U",
    "I-9_U",
    "O-38_L",
    "O-39_L",
    "I-48_U",
    "I-51_U",
    "I-79_U",
    "O-84_L"
  ],
  "skill_levels": [
    3,
    4,
    5
  ]
}