{
  "tasks_per_formation": {
    "f_3:1,4:1": [
      "O-16_L",
      "O-42_L",
      "I-1_U",
      "I-89_U"
    ],
    "f_3:2,4:1": [
      "I-15_U",
      "I-101_U",
      "O-100_L"
    ],
    "f_3:1,4:1,5:1": [
      "I-160_U"
    ],
    "f_3:3": [
      "I-51_U"
    ],
    "f_3:2": [
      "I-129_U",
      "I-173_U",
      "O-50_L",
      "I-179_U",
      "I-59_U",
      "O-11_L",
      "I-141_U",
      "I-27_U",
      "I-53_U",
      "I-44_U"
    ]
  },
  "modes": {
    "I-160_U": {
      "f_3:1,4:1,5:1": 6
    },
    "I-173_U": {
      "f_3:2": 3
    },
    "O-50_L": {
      "f_3:2": 3
    },
    "O-42_L": {
      "f_3:1,4:1": 4
    },
    "O-11_L": {
      "f_3:2": 3
    },
    "O-16_L": {
      "f_3:1,4:1": 4
    },
    "I-129_U": {
      "f_3:2": 2
    },
    "I-51_U": {
      "f_3:3": 3
    },
    "I-179_U": {
      "f_3:2": 4
    },
    "I-1_U": {
      "f_3:1,4:1": 5
    },
    "I-59_U": {
      "f_3:2": 4
    },
    "I-141_U": {
      "f_3:2": 3
    },
    "I-15_U": {
      "f_3:2,4:1": 4
    },
    "I-27_U": {
      "f_3:2": 3
    },
    "I-53_U": {
      "f_3:2": 3
    },
    "I-89_U": {
      "f_3:1,4:1": 3
    },
    "I-44_U": {
      "f_3:2": 3
    },
    "I-101_U": {
      "f_3:2,4:1": 3
    },
    "O-100_L": {
      "f_3:2,4:1": 3
    }
  },
  "depot": "depot",
  "instants": [
    95,
    96,
    97,
    98,
    99,
    100,
    101,
    102,
    103,
    104,
    105,
    106,
    107,
    108,
    109,
    110,
    111,
    112,
    113,
    114
  ],
  "begin_horizon": 95,
  "end_horizon": 115,
  "earliest_start": {
    "I-160_U": 104,
    "I-173_U": 104,
    "O-50_L": 108,
    "O-42_L": 102,
    "O-11_L": 99,
    "O-16_L": 104,
    "I-129_U": 106,
    "I-51_U": 105,
    "I-179_U": 106,
    "I-1_U": 106,
    "I-59_U": 103,
    "I-141_U": 106,
    "I-15_U": 98,
    "I-27_U": 102,
    "I-53_U": 103,
    "I-89_U": 97,
    "I-44_U": 99,
    "I-101_U": 100,
    "O-100_L": 107
  },
  "latest_start": {
    "I-160_U": 106,
    "I-173_U": 105,
    "O-50_L": 108,
    "O-42_L": 103,
    "O-11_L": 100,
    "O-16_L": 105,
    "I-129_U": 108,
    "I-51_U": 105,
    "I-179_U": 106,
    "I-1_U": 107,
    "I-59_U": 104,
    "I-141_U": 106,
    "I-15_U": 99,
    "I-27_U": 105,
    "I-53_U": 104,
    "I-89_U": 98,
    "I-44_U": 101,
    "I-101_U": 101,
    "O-100_L": 108
  },
  "weights": {
    "I-160_U": 3.0,
    "I-173_U": 1.0,
    "O-50_L": 1.0,
    "O-42_L": 2.0,
    "O-11_L": 1.0,
    "O-16_L": 2.0,
    "I-129_U": 1.0,
    "I-51_U": 1.0,
    "I-179_U": 1.0,
    "I-1_U": 2.0,
    "I-59_U": 1.0,
    "I-141_U": 1.0,
    "I-15_U": 2.0,
    "I-27_U": 2.0,
    "I-53_U": 2.0,
    "I-89_U": 2.0,
    "I-44_U": 1.0,
    "I-101_U": 2.0,
    "O-100_L": 2.0
  },
  "workers_w_d": {
    "3": 12,
    "4": 3,
    "5": 1
  },
  "earliest_finish": {
    "I-160_U": 110,
    "I-173_U": 107,
    "O-50_L": 111,
    "O-42_L": 106,
    "O-11_L": 102,
    "O-16_L": 108,
    "I-129_U": 108,
    "I-51_U": 108,
    "I-179_U": 110,
    "I-1_U": 111,
    "I-59_U": 107,
    "I-141_U": 109,
    "I-15_U": 102,
    "I-27_U": 105,
    "I-53_U": 106,
    "I-89_U": 100,
    "I-44_U": 102,
    "I-101_U": 103,
    "O-100_L": 110
  },
  "formations": {
    "f_3:1,4:1": {
      "3": 1,
      "4": 1
    },
    "f_3:2,4:1": {
      "3": 2,
      "4": 1
    },
    "f_3:1,4:1,5:1": {
      "3": 1,
      "4": 1,
      "5": 1
    },
    "f_3:3": {
      "3": 3
    },
    "f_3:2": {
      "3": 2
    }
  },
  "modesSpeedID": {
    "I-160_U": {
      "f_3:1,4:1,5:1": "s"
    },
    "I-173_U": {
      "f_3:2": "s"
    },
    "O-50_L": {
      "f_3:2": "s"
    },
    "O-42_L": {
      "f_3:1,4:1": "s"
    },
    "O-11_L": {
      "f_3:2": "s"
    },
    "O-16_L": {
      "f_3:1,4:1": "s"
    },
    "I-129_U": {
      "f_3:2": "s"
    },
    "I-51_U": {
      "f_3:3": "f"
    },
    "I-179_U": {
      "f_3:2": "s"
    },
    "I-1_U": {
      "f_3:1,4:1": "s"
    },
    "I-59_U": {
      "f_3:2": "s"
    },
    "I-141_U": {
      "f_3:2": "s"
    },
    "I-15_U": {
      "f_3:2,4:1": "i"
    },
    "I-27_U": {
      "f_3:2": "s"
    },
    "I-53_U": {
      "f_3:2": "s"
    },
    "I-89_U": {
      "f_3:1,4:1": "s"
    },
    "I-44_U": {
      "f_3:2": "s"
    },
    "I-101_U": {
      "f_3:2,4:1": "i"
    },
    "O-100_L": {
      "f_3:2,4:1": "i"
    }
  },
  "formations_w_d": {
    "f_3:1,4:1": {
      "3": 2,
      "4": 1
    },
    "f_3:2,4:1": {
      "3": 3,
      "4": 1
    },
    "f_3:1,4:1,5:1": {
      "3": 3,
      "4": 2,
      "5": 1
    },
    "f_3:3": {
      "3": 3
    },
    "f_3:2": {
      "3": 2
    }
  },
  "latest_finish": {
    "I-160_U": 112,
    "I-173_U": 108,
    "O-50_L": 111,
    "O-42_L": 107,
    "O-11_L": 103,
    "O-16_L": 109,
    "I-129_U": 110,
    "I-51_U": 108,
    "I-179_U": 110,
    "I-1_U": 112,
    "I-59_U": 108,
    "I-141_U": 109,
    "I-15_U": 103,
    "I-27_U": 108,
    "I-53_U": 107,
    "I-89_U": 101,
    "I-44_U": 104,
    "I-101_U": 104,
    "O-100_L": 111
  },
  "travel_times": {
    "I-160_U": {
      "I-160_U": 0,
      "I-173_U": 0,
      "depot": 1,
      "O-50_L": 0,
      "O-42_L": 1,
      "O-11_L": 1,
      "O-16_L": 1,
      "I-129_U": 1,
      "I-51_U": 0,
      "I-179_U": 1,
      "I-1_U": 1,
      "I-59_U": 1,
      "I-141_U": 3,
      "I-15_U": 1,
      "I-27_U": 1,
      "I-53_U": 1,
      "I-89_U": 1,
      "I-44_U": 1,
      "I-101_U": 1,
      "O-100_L": 1
    },
    "I-173_U": {
      "I-160_U": 0,
      "I-173_U": 0,
      "depot": 1,
      "O-50_L": 0,
      "O-42_L": 1,
      "O-11_L": 1,
      "O-16_L": 1,
      "I-129_U": 1,
      "I-51_U": 0,
      "I-179_U": 1,
      "I-1_U": 1,
      "I-59_U": 1,
      "I-141_U": 3,
      "I-15_U": 1,
      "I-27_U": 1,
      "I-53_U": 1,
      "I-89_U": 1,
      "I-44_U": 1,
      "I-101_U": 1,
      "O-100_L": 1
    },
    "depot": {
      "I-160_U": 1,
      "I-173_U": 1,
      "O-50_L": 1,
      "O-42_L": 1,
      "O-11_L": 1,
      "O-16_L": 1,
      "I-129_U": 2,
      "I-51_U": 1,
      "I-179_U": 1,
      "I-1_U": 2,
      "I-59_U": 1,
      "I-141_U": 3,
      "I-15_U": 1,
      "I-27_U": 2,
      "I-53_U": 1,
      "I-89_U": 2,
      "I-44_U": 2,
      "I-101_U": 1,
      "O-100_L": 1
    },
    "O-50_L": {
      "I-160_U": 0,
      "I-173_U": 0,
      "depot": 1,
      "O-50_L": 0,
      "O-42_L": 1,
      "O-11_L": 1,
      "O-16_L": 1,
      "I-129_U": 1,
      "I-51_U": 0,
      "I-179_U": 1,
      "I-1_U": 1,
      "I-59_U": 1,
      "I-141_U": 3,
      "I-15_U": 1,
      "I-27_U": 1,
      "I-53_U": 1,
      "I-89_U": 1,
      "I-44_U": 1,
      "I-101_U": 1,
      "O-100_L": 1
    },
    "O-42_L": {
      "I-160_U": 1,
      "I-173_U": 1,
      "depot": 1,
      "O-50_L": 1,
      "O-42_L": 0,
      "O-11_L": 1,
      "O-16_L": 1,
      "I-129_U": 1,
      "I-51_U": 1,
      "I-179_U": 1,
      "I-1_U": 1,
      "I-59_U": 1,
      "I-141_U": 2,
      "I-15_U": 1,
      "I-27_U": 1,
      "I-53_U": 1,
      "I-89_U": 1,
      "I-44_U": 1,
      "I-101_U": 1,
      "O-100_L": 1
    },
    "O-11_L": {
      "I-160_U": 1,
      "I-173_U": 1,
      "depot": 1,
      "O-50_L": 1,
      "O-42_L": 1,
      "O-11_L": 0,
      "O-16_L": 1,
      "I-129_U": 1,
      "I-51_U": 1,
      "I-179_U": 1,
      "I-1_U": 1,
      "I-59_U": 1,
      "I-141_U": 2,
      "I-15_U": 1,
      "I-27_U": 1,
      "I-53_U": 1,
      "I-89_U": 1,
      "I-44_U": 1,
      "I-101_U": 1,
      "O-100_L": 1
    },
    "O-16_L": {
      "I-160_U": 1,
      "I-173_U": 1,
      "depot": 1,
      "O-50_L": 1,
      "O-42_L": 1,
      "O-11_L": 1,
      "O-16_L": 0,
      "I-129_U": 2,
      "I-51_U": 1,
      "I-179_U": 1,
      "I-1_U": 2,
      "I-59_U": 1,
      "I-141_U": 3,
      "I-15_U": 1,
      "I-27_U": 2,
      "I-53_U": 1,
      "I-89_U": 2,
      "I-44_U": 2,
      "I-101_U": 1,
      "O-100_L": 1
    },
    "I-129_U": {
      "I-160_U": 1,
      "I-173_U": 1,
      "depot": 2,
      "O-50_L": 1,
      "O-42_L": 1,
      "O-11_L": 1,
      "O-16_L": 2,
      "I-129_U": 0,
      "I-51_U": 1,
      "I-179_U": 1,
      "I-1_U": 1,
      "I-59_U": 1,
      "I-141_U": 2,
      "I-15_U": 1,
      "I-27_U": 1,
      "I-53_U": 1,
      "I-89_U": 0,
      "I-44_U": 1,
      "I-101_U": 1,
      "O-100_L": 1
    },
    "I-51_U": {
      "I-160_U": 0,
      "I-173_U": 0,
      "depot": 1,
      "O-50_L": 0,
      "O-42_L": 1,
      "O-11_L": 1,
      "O-16_L": 1,
      "I-129_U": 1,
      "I-51_U": 0,
      "I-179_U": 1,
      "I-1_U": 1,
      "I-59_U": 1,
      "I-141_U": 3,
      "I-15_U": 1,
      "I-27_U": 1,
      "I-53_U": 1,
      "I-89_U": 1,
      "I-44_U": 1,
      "I-101_U": 1,
      "O-100_L": 1
    },
    "I-179_U": {
      "I-160_U": 1,
      "I-173_U": 1,
      "depot": 1,
      "O-50_L": 1,
      "O-42_L": 1,
      "O-11_L": 1,
      "O-16_L": 1,
      "I-129_U": 1,
      "I-51_U": 1,
      "I-179_U": 0,
      "I-1_U": 1,
      "I-59_U": 1,
      "I-141_U": 2,
      "I-15_U": 1,
      "I-27_U": 1,
      "I-53_U": 1,
      "I-89_U": 1,
      "I-44_U": 1,
      "I-101_U": 1,
      "O-100_L": 1
    },
    "I-1_U": {
      "I-160_U": 1,
      "I-173_U": 1,
      "depot": 2,
      "O-50_L": 1,
      "O-42_L": 1,
      "O-11_L": 1,
      "O-16_L": 2,
      "I-129_U": 1,
      "I-51_U": 1,
      "I-179_U": 1,
      "I-1_U": 0,
      "I-59_U": 1,
      "I-141_U": 2,
      "I-15_U": 1,
      "I-27_U": 0,
      "I-53_U": 1,
      "I-89_U": 1,
      "I-44_U": 1,
      "I-101_U": 1,
      "O-100_L": 1
    },
    "I-59_U": {
      "I-160_U": 1,
      "I-173_U": 1,
      "depot": 1,
      "O-50_L": 1,
      "O-42_L": 1,
      "O-11_L": 1,
      "O-16_L": 1,
      "I-129_U": 1,
      "I-51_U": 1,
      "I-179_U": 1,
      "I-1_U": 1,
      "I-59_U": 0,
      "I-141_U": 2,
      "I-15_U": 1,
      "I-27_U": 1,
      "I-53_U": 0,
      "I-89_U": 1,
      "I-44_U": 1,
      "I-101_U": 1,
      "O-100_L": 1
    },
    "I-141_U": {
      "I-160_U": 3,
      "I-173_U": 3,
      "depot": 3,
      "O-50_L": 3,
      "O-42_L": 2,
      "O-11_L": 2,
      "O-16_L": 3,
      "I-129_U": 2,
      "I-51_U": 3,
      "I-179_U": 2,
      "I-1_U": 2,
      "I-59_U": 2,
      "I-141_U": 0,
      "I-15_U": 3,
      "I-27_U": 2,
      "I-53_U": 2,
      "I-89_U": 2,
      "I-44_U": 2,
      "I-101_U": 3,
      "O-100_L": 3
    },
    "I-15_U": {
      "I-160_U": 1,
      "I-173_U": 1,
      "depot": 1,
      "O-50_L": 1,
      "O-42_L": 1,
      "O-11_L": 1,
      "O-16_L": 1,
      "I-129_U": 1,
      "I-51_U": 1,
      "I-179_U": 1,
      "I-1_U": 1,
      "I-59_U": 1,
      "I-141_U": 3,
      "I-15_U": 0,
      "I-27_U": 1,
      "I-53_U": 1,
      "I-89_U": 1,
      "I-44_U": 2,
      "I-101_U": 0,
      "O-100_L": 0
    },
    "I-27_U": {
      "I-160_U": 1,
      "I-173_U": 1,
      "depot": 2,
      "O-50_L": 1,
      "O-42_L": 1,
      "O-11_L": 1,
      "O-16_L": 2,
      "I-129_U": 1,
      "I-51_U": 1,
      "I-179_U": 1,
      "I-1_U": 0,
      "I-59_U": 1,
      "I-141_U": 2,
      "I-15_U": 1,
      "I-27_U": 0,
      "I-53_U": 1,
      "I-89_U": 1,
      "I-44_U": 1,
      "I-101_U": 1,
      "O-100_L": 1
    },
    "I-53_U": {
      "I-160_U": 1,
      "I-173_U": 1,
      "depot": 1,
      "O-50_L": 1,
      "O-42_L": 1,
      "O-11_L": 1,
      "O-16_L": 1,
      "I-129_U": 1,
      "I-51_U": 1,
      "I-179_U": 1,
      "I-1_U": 1,
      "I-59_U": 0,
      "I-141_U": 2,
      "I-15_U": 1,
      "I-27_U": 1,
      "I-53_U": 0,
      "I-89_U": 1,
      "I-44_U": 1,
      "I-101_U": 1,
      "O-100_L": 1
    },
    "I-89_U": {
      "I-160_U": 1,
      "I-173_U": 1,
      "depot": 2,
      "O-50_L": 1,
      "O-42_L": 1,
      "O-11_L": 1,
      "O-16_L": 2,
      "I-129_U": 0,
      "I-51_U": 1,
      "I-179_U": 1,
      "I-1_U": 1,
      "I-59_U": 1,
      "I-141_U": 2,
      "I-15_U": 1,
      "I-27_U": 1,
      "I-53_U": 1,
      "I-89_U": 0,
      "I-44_U": 1,
      "I-101_U": 1,
      "O-100_L": 1
    },
    "I-44_U": {
      "I-160_U": 1,
      "I-173_U": 1,
      "depot": 2,
      "O-50_L": 1,
      "O-42_L": 1,
      "O-11_L": 1,
      "O-16_L": 2,
      "I-129_U": 1,
      "I-51_U": 1,
      "I-179_U": 1,
      "I-1_U": 1,
      "I-59_U": 1,
      "I-141_U": 2,
      "I-15_U": 2,
      "I-27_U": 1,
      "I-53_U": 1,
      "I-89_U": 1,
      "I-44_U": 0,
      "I-101_U": 2,
      "O-100_L": 2
    },
    "I-101_U": {
      "I-160_U": 1,
      "I-173_U": 1,
      "depot": 1,
      "O-50_L": 1,
      "O-42_L": 1,
      "O-11_L": 1,
      "O-16_L": 1,
      "I-129_U": 1,
      "I-51_U": 1,
      "I-179_U": 1,
      "I-1_U": 1,
      "I-59_U": 1,
      "I-141_U": 3,
      "I-15_U": 0,
      "I-27_U": 1,
      "I-53_U": 1,
      "I-89_U": 1,
      "I-44_U": 2,
      "I-101_U": 0,
      "O-100_L": 0
    },
    "O-100_L": {
      "I-160_U": 1,
      "I-173_U": 1,
      "depot": 1,
      "O-50_L": 1,
      "O-42_L": 1,
      "O-11_L": 1,
      "O-16_L": 1,
      "I-129_U": 1,
      "I-51_U": 1,
      "I-179_U": 1,
      "I-1_U": 1,
      "I-59_U": 1,
      "I-141_U": 3,
      "I-15_U": 0,
      "I-27_U": 1,
      "I-53_U": 1,
      "I-89_U": 1,
      "I-44_U": 2,
      "I-101_U": 0,
      "O-100_L": 0
    }
  },
  "workers": {
    "3": 9,
    "4": 2,
    "5": 1
  },
  "tasks": [
    "I-1_U",
    "O-11_L",
    "I-15_U",
    "O-16_L",
    "I-27_U",
    "O-42_L",
    "I-44_U",
    "I-51_U",
    "O-50_L",
    "I-53_U",
    "I-59_U",
    "I-89_U",
    "O-100_L",
    "I-101_U",
    "I-129_U",
    "I-141_U",
    "I-160_U",
    "I-173_U",
    "I-179_U"
  ],
  "skill_levels": [
    3,
    4,
    5
  ]
}