{
  "tasks_per_formation": {
    "f_3:2,4:1": [
      "I-94_U",
      "O-70_L",
      "I-10_U",
      "I-64_U"
    ],
    "f_3:2,4:2": [
      "I-66_U",
      "I-102_U"
    ],
    "f_3:1,4:1": [
      "I-94_U",
      "O-70_L",
      "O-7_L",
      "I-10_U",
      "I-64_U",
      "I-102_U"
    ],
    "f_3:1,4:2": [
      "O-7_L"
    ],
    "f_3:1,4:1,5:1": [
      "O-59_L"
    ],
    "f_3:3": [
      "O-125_L"
    ],
    "f_3:2": [
      "O-27_L",
      "O-125_L"
    ],
    "f_3:2,4:2,5:2": [
      "O-59_L"
    ]
  },
  "modes": {
    "O-27_L": {
      "f_3:2": 3
    },
    "I-94_U": {
      "f_3:2,4:1": 3,
      "f_3:1,4:1": 4
    },
    "O-125_L": {
      "f_3:3": 3,
      "f_3:2": 4
    },
    "O-70_L": {
      "f_3:2,4:1": 3,
      "f_3:1,4:1": 4
    },
    "O-7_L": {
      "f_3:1,4:1": 4,
      "f_3:1,4:2": 3
    },
    "I-10_U": {
      "f_3:2,4:1": 3,
      "f_3:1,4:1": 4
    },
    "I-64_U": {
      "f_3:2,4:1": 3,
      "f_3:1,4:1": 4
    },
    "O-59_L": {
      "f_3:1,4:1,5:1": 14,
      "f_3:2,4:2,5:2": 8
    },
    "I-66_U": {
      "f_3:2,4:2": 3
    },
    "I-102_U": {
      "f_3:2,4:2": 2,
      "f_3:1,4:1": 4
    }
  },
  "depot": "depot",
  "instants": [
    95,
    96,
    97,
    98,
    99,
    100,
    101,
    102,
    103,
    104,
    105,
    106,
    107,
    108,
    109,
    110,
    111,
    112,
    113,
    114
  ],
  "begin_horizon": 95,
  "end_horizon": 115,
  "earliest_start": {
    "O-27_L": 96,
    "I-94_U": 105,
    "O-125_L": 100,
    "O-70_L": 98,
    "O-7_L": 101,
    "I-10_U": 103,
    "I-64_U": 105,
    "O-59_L": 99,
    "I-66_U": 106,
    "I-102_U": 104
  },
  "latest_start": {
    "O-27_L": 98,
    "I-94_U": 106,
    "O-125_L": 102,
    "O-70_L": 100,
    "O-7_L": 103,
    "I-10_U": 106,
    "I-64_U": 106,
    "O-59_L": 106,
    "I-66_U": 107,
    "I-102_U": 106
  },
  "weights": {
    "O-27_L": 1.0,
    "I-94_U": 2.0,
    "O-125_L": 1.0,
    "O-70_L": 2.0,
    "O-7_L": 2.0,
    "I-10_U": 2.0,
    "I-64_U": 2.0,
    "O-59_L": 3.0,
    "I-66_U": 2.0,
    "I-102_U": 2.0
  },
  "workers_w_d": {
    "3": 5,
    "4": 3,
    "5": 1
  },
  "earliest_finish": {
    "O-27_L": 99,
    "I-94_U": 108,
    "O-125_L": 103,
    "O-70_L": 101,
    "O-7_L": 104,
    "I-10_U": 106,
    "I-64_U": 108,
    "O-59_L": 107,
    "I-66_U": 109,
    "I-102_U": 106
  },
  "formations": {
    "f_3:2,4:1": {
      "3": 2,
      "4": 1
    },
    "f_3:2,4:2": {
      "3": 2,
      "4": 2
    },
    "f_3:1,4:1": {
      "3": 1,
      "4": 1
    },
    "f_3:1,4:2": {
      "3": 1,
      "4": 2
    },
    "f_3:1,4:1,5:1": {
      "3": 1,
      "4": 1,
      "5": 1
    },
    "f_3:3": {
      "3": 3
    },
    "f_3:2": {
      "3": 2
    },
    "f_3:2,4:2,5:2": {
      "3": 2,
      "4": 2,
      "5": 2
    }
  },
  "modesSpeedID": {
    "O-27_L": {
      "f_3:2": "s"
    },
    "I-94_U": {
      "f_3:2,4:1": "f",
      "f_3:1,4:1": "s"
    },
    "O-125_L": {
      "f_3:3": "f",
      "f_3:2": "s"
    },
    "O-70_L": {
      "f_3:2,4:1": "f",
      "f_3:1,4:1": "s"
    },
    "O-7_L": {
      "f_3:1,4:1": "s",
      "f_3:1,4:2": "f"
    },
    "I-10_U": {
      "f_3:2,4:1": "f",
      "f_3:1,4:1": "s"
    },
    "I-64_U": {
      "f_3:2,4:1": "f",
      "f_3:1,4:1": "s"
    },
    "O-59_L": {
      "f_3:1,4:1,5:1": "s",
      "f_3:2,4:2,5:2": "f"
    },
    "I-66_U": {
      "f_3:2,4:2": "f"
    },
    "I-102_U": {
      "f_3:2,4:2": "f",
      "f_3:1,4:1": "s"
    }
  },
  "formations_w_d": {
    "f_3:2,4:1": {
      "3": 3,
      "4": 1
    },
    "f_3:2,4:2": {
      "3": 4,
      "4": 2
    },
    "f_3:1,4:1": {
      "3": 2,
      "4": 1
    },
    "f_3:1,4:2": {
      "3": 3,
      "4": 2
    },
    "f_3:1,4:1,5:1": {
      "3": 3,
      "4": 2,
      "5": 1
    },
    "f_3:3": {
      "3": 3
    },
    "f_3:2": {
      "3": 2
    },
    "f_3:2,4:2,5:2": {
      "3": 6,
      "4": 4,
      "5": 2
    }
  },
  "latest_finish": {
    "O-27_L": 101,
    "I-94_U": 109,
    "O-125_L": 105,
    "O-70_L": 103,
    "O-7_L": 106,
    "I-10_U": 109,
    "I-64_U": 109,
    "O-59_L": 114,
    "I-66_U": 110,
    "I-102_U": 108
  },
  "travel_times": {
    "O-27_L": {
      "O-27_L": 0,
      "I-94_U": 1,
      "O-125_L": 2,
      "depot": 1,
      "O-70_L": 1,
      "O-7_L": 0,
      "I-10_U": 1,
      "I-64_U": 2,
      "O-59_L": 1,
      "I-66_U": 1,
      "I-102_U": 0
    },
    "I-94_U": {
      "O-27_L": 1,
      "I-94_U": 0,
      "O-125_L": 1,
      "depot": 1,
      "O-70_L": 1,
      "O-7_L": 1,
      "I-10_U": 1,
      "I-64_U": 3,
      "O-59_L": 1,
      "I-66_U": 1,
      "I-102_U": 1
    },
    "O-125_L": {
      "O-27_L": 2,
      "I-94_U": 1,
      "O-125_L": 0,
      "depot": 1,
      "O-70_L": 1,
      "O-7_L": 2,
      "I-10_U": 1,
      "I-64_U": 3,
      "O-59_L": 1,
      "I-66_U": 2,
      "I-102_U": 2
    },
    "depot": {
      "O-27_L": 1,
      "I-94_U": 1,
      "O-125_L": 1,
      "O-70_L": 1,
      "O-7_L": 1,
      "I-10_U": 1,
      "I-64_U": 3,
      "O-59_L": 0,
      "I-66_U": 2,
      "I-102_U": 1
    },
    "O-70_L": {
      "O-27_L": 1,
      "I-94_U": 1,
      "O-125_L": 1,
      "depot": 1,
      "O-70_L": 0,
      "O-7_L": 1,
      "I-10_U": 0,
      "I-64_U": 2,
      "O-59_L": 1,
      "I-66_U": 1,
      "I-102_U": 1
    },
    "O-7_L": {
      "O-27_L": 0,
      "I-94_U": 1,
      "O-125_L": 2,
      "depot": 1,
      "O-70_L": 1,
      "O-7_L": 0,
      "I-10_U": 1,
      "I-64_U": 2,
      "O-59_L": 1,
      "I-66_U": 1,
      "I-102_U": 0
    },
    "I-10_U": {
      "O-27_L": 1,
      "I-94_U": 1,
      "O-125_L": 1,
      "depot": 1,
      "O-70_L": 0,
      "O-7_L": 1,
      "I-10_U": 0,
      "I-64_U": 2,
      "O-59_L": 1,
      "I-66_U": 1,
      "I-102_U": 1
    },
    "I-64_U": {
      "O-27_L": 2,
      "I-94_U": 3,
      "O-125_L": 3,
      "depot": 3,
      "O-70_L": 2,
      "O-7_L": 2,
      "I-10_U": 2,
      "I-64_U": 0,
      "O-59_L": 3,
      "I-66_U": 2,
      "I-102_U": 2
    },
    "O-59_L": {
      "O-27_L": 1,
      "I-94_U": 1,
      "O-125_L": 1,
      "depot": 0,
      "O-70_L": 1,
      "O-7_L": 1,
      "I-10_U": 1,
      "I-64_U": 3,
      "O-59_L": 0,
      "I-66_U": 2,
      "I-102_U": 1
    },
    "I-66_U": {
      "O-27_L": 1,
      "I-94_U": 1,
      "O-125_L": 2,
      "depot": 2,
      "O-70_L": 1,
      "O-7_L": 1,
      "I-10_U": 1,
      "I-64_U": 2,
      "O-59_L": 2,
      "I-66_U": 0,
      "I-102_U": 1
    },
    "I-102_U": {
      "O-27_L": 0,
      "I-94_U": 1,
      "O-125_L": 2,
      "depot": 1,
      "O-70_L": 1,
      "O-7_L": 0,
      "I-10_U": 1,
      "I-64_U": 2,
      "O-59_L": 1,
      "I-66_U": 1,
      "I-102_U": 0
    }
  },
  "workers": {
    "3": 2,
    "4": 2,
    "5": 1
  },
  "tasks": [
    "O-7_L",
    "I-10_U",
    "O-27_L",
    "O-59_L",
    "I-64_U",
    "I-66_U",
    "O-70_L",
    "I-94_U",
    "I-102_U",
    "O-125_L"
  ],
  "skill_levels": [
    3,
    4,
    5
  ]
}