{
  "tasks_per_formation": {
    "f_3:1,4:1": [
      "I-8_U",
      "O-241_L",
      "I-183_U",
      "I-179_U",
      "O-98_L",
      "O-11_L",
      "I-165_U",
      "I-166_U"
    ],
    "f_3:2,4:1": [
      "I-84_U",
      "O-167_L",
      "I-109_U",
      "I-47_U",
      "O-225_L",
      "I-10_U",
      "I-16_U",
      "I-99_U",
      "O-140_L"
    ],
    "f_3:1": [
      "I-175_U"
    ],
    "f_3:2": [
      "I-129_U",
      "I-237_U",
      "I-173_U",
      "I-228_U",
      "O-50_L",
      "I-221_U",
      "O-6_L",
      "O-198_L",
      "O-176_L",
      "I-199_U",
      "O-112_L",
      "O-232_L"
    ]
  },
  "modes": {
    "I-183_U": {
      "f_3:1,4:1": 3
    },
    "I-228_U": {
      "f_3:2": 4
    },
    "O-50_L": {
      "f_3:2": 4
    },
    "O-98_L": {
      "f_3:1,4:1": 4
    },
    "I-221_U": {
      "f_3:2": 4
    },
    "O-11_L": {
      "f_3:1,4:1": 4
    },
    "O-232_L": {
      "f_3:2": 6
    },
    "I-8_U": {
      "f_3:1,4:1": 4
    },
    "O-241_L": {
      "f_3:1,4:1": 4
    },
    "I-179_U": {
      "f_3:1,4:1": 3
    },
    "I-10_U": {
      "f_3:2,4:1": 4
    },
    "I-16_U": {
      "f_3:2,4:1": 4
    },
    "I-99_U": {
      "f_3:2,4:1": 4
    },
    "I-175_U": {
      "f_3:1": 1
    },
    "O-140_L": {
      "f_3:2,4:1": 4
    },
    "I-199_U": {
      "f_3:2": 4
    },
    "I-237_U": {
      "f_3:2": 4
    },
    "I-173_U": {
      "f_3:2": 4
    },
    "O-167_L": {
      "f_3:2,4:1": 4
    },
    "O-225_L": {
      "f_3:2,4:1": 3
    },
    "O-6_L": {
      "f_3:2": 5
    },
    "I-84_U": {
      "f_3:2,4:1": 5
    },
    "I-129_U": {
      "f_3:2": 2
    },
    "I-109_U": {
      "f_3:2,4:1": 4
    },
    "I-47_U": {
      "f_3:2,4:1": 5
    },
    "O-198_L": {
      "f_3:2": 5
    },
    "O-176_L": {
      "f_3:2": 3
    },
    "O-112_L": {
      "f_3:2": 9
    },
    "I-165_U": {
      "f_3:1,4:1": 4
    },
    "I-166_U": {
      "f_3:1,4:1": 4
    }
  },
  "depot": "depot",
  "instants": [
    94,
    95,
    96,
    97,
    98,
    99,
    100,
    101,
    102,
    103,
    104,
    105,
    106,
    107,
    108,
    109,
    110,
    111,
    112,
    113,
    114,
    115
  ],
  "begin_horizon": 94,
  "end_horizon": 116,
  "earliest_start": {
    "I-183_U": 107,
    "I-228_U": 99,
    "O-50_L": 101,
    "O-98_L": 108,
    "I-221_U": 107,
    "O-11_L": 97,
    "O-232_L": 104,
    "I-8_U": 106,
    "O-241_L": 99,
    "I-179_U": 97,
    "I-10_U": 99,
    "I-16_U": 99,
    "I-99_U": 101,
    "I-175_U": 97,
    "O-140_L": 98,
    "I-199_U": 101,
    "I-237_U": 99,
    "I-173_U": 104,
    "O-167_L": 108,
    "O-225_L": 106,
    "O-6_L": 102,
    "I-84_U": 104,
    "I-129_U": 101,
    "I-109_U": 104,
    "I-47_U": 107,
    "O-198_L": 105,
    "O-176_L": 107,
    "O-112_L": 100,
    "I-165_U": 103,
    "I-166_U": 99
  },
  "latest_start": {
    "I-183_U": 109,
    "I-228_U": 100,
    "O-50_L": 101,
    "O-98_L": 108,
    "I-221_U": 107,
    "O-11_L": 98,
    "O-232_L": 107,
    "I-8_U": 106,
    "O-241_L": 100,
    "I-179_U": 98,
    "I-10_U": 100,
    "I-16_U": 99,
    "I-99_U": 101,
    "I-175_U": 98,
    "O-140_L": 99,
    "I-199_U": 101,
    "I-237_U": 99,
    "I-173_U": 105,
    "O-167_L": 109,
    "O-225_L": 107,
    "O-6_L": 102,
    "I-84_U": 105,
    "I-129_U": 103,
    "I-109_U": 105,
    "I-47_U": 107,
    "O-198_L": 105,
    "O-176_L": 110,
    "O-112_L": 102,
    "I-165_U": 103,
    "I-166_U": 100
  },
  "weights": {
    "I-183_U": 2.0,
    "I-228_U": 1.0,
    "O-50_L": 1.0,
    "O-98_L": 2.0,
    "I-221_U": 1.0,
    "O-11_L": 2.0,
    "O-232_L": 2.0,
    "I-8_U": 2.0,
    "O-241_L": 2.0,
    "I-179_U": 2.0,
    "I-10_U": 2.0,
    "I-16_U": 2.0,
    "I-99_U": 2.0,
    "I-175_U": 1.0,
    "O-140_L": 2.0,
    "I-199_U": 1.0,
    "I-237_U": 1.0,
    "I-173_U": 1.0,
    "O-167_L": 2.0,
    "O-225_L": 2.0,
    "O-6_L": 1.0,
    "I-84_U": 2.0,
    "I-129_U": 1.0,
    "I-109_U": 2.0,
    "I-47_U": 2.0,
    "O-198_L": 1.0,
    "O-176_L": 1.0,
    "O-112_L": 3.0,
    "I-165_U": 2.0,
    "I-166_U": 2.0
  },
  "workers_w_d": {
    "3": 7,
    "4": 2,
    "5": 0
  },
  "earliest_finish": {
    "I-183_U": 110,
    "I-228_U": 103,
    "O-50_L": 105,
    "O-98_L": 112,
    "I-221_U": 111,
    "O-11_L": 101,
    "O-232_L": 110,
    "I-8_U": 110,
    "O-241_L": 103,
    "I-179_U": 100,
    "I-10_U": 103,
    "I-16_U": 103,
    "I-99_U": 105,
    "I-175_U": 98,
    "O-140_L": 102,
    "I-199_U": 105,
    "I-237_U": 103,
    "I-173_U": 108,
    "O-167_L": 112,
    "O-225_L": 109,
    "O-6_L": 107,
    "I-84_U": 109,
    "I-129_U": 103,
    "I-109_U": 108,
    "I-47_U": 112,
    "O-198_L": 110,
    "O-176_L": 110,
    "O-112_L": 109,
    "I-165_U": 107,
    "I-166_U": 103
  },
  "formations": {
    "f_3:1,4:1": {
      "3": 1,
      "4": 1
    },
    "f_3:2,4:1": {
      "3": 2,
      "4": 1
    },
    "f_3:1": {
      "3": 1
    },
    "f_3:2": {
      "3": 2
    }
  },
  "modesSpeedID": {
    "I-183_U": {
      "f_3:1,4:1": "s"
    },
    "I-228_U": {
      "f_3:2": "s"
    },
    "O-50_L": {
      "f_3:2": "s"
    },
    "O-98_L": {
      "f_3:1,4:1": "s"
    },
    "I-221_U": {
      "f_3:2": "s"
    },
    "O-11_L": {
      "f_3:1,4:1": "s"
    },
    "O-232_L": {
      "f_3:2": "s"
    },
    "I-8_U": {
      "f_3:1,4:1": "s"
    },
    "O-241_L": {
      "f_3:1,4:1": "s"
    },
    "I-179_U": {
      "f_3:1,4:1": "s"
    },
    "I-10_U": {
      "f_3:2,4:1": "i"
    },
    "I-16_U": {
      "f_3:2,4:1": "i"
    },
    "I-99_U": {
      "f_3:2,4:1": "i"
    },
    "I-175_U": {
      "f_3:1": "s"
    },
    "O-140_L": {
      "f_3:2,4:1": "i"
    },
    "I-199_U": {
      "f_3:2": "s"
    },
    "I-237_U": {
      "f_3:2": "s"
    },
    "I-173_U": {
      "f_3:2": "s"
    },
    "O-167_L": {
      "f_3:2,4:1": "i"
    },
    "O-225_L": {
      "f_3:2,4:1": "i"
    },
    "O-6_L": {
      "f_3:2": "s"
    },
    "I-84_U": {
      "f_3:2,4:1": "i"
    },
    "I-129_U": {
      "f_3:2": "s"
    },
    "I-109_U": {
      "f_3:2,4:1": "i"
    },
    "I-47_U": {
      "f_3:2,4:1": "i"
    },
    "O-198_L": {
      "f_3:2": "s"
    },
    "O-176_L": {
      "f_3:2": "s"
    },
    "O-112_L": {
      "f_3:2": "s"
    },
    "I-165_U": {
      "f_3:1,4:1": "s"
    },
    "I-166_U": {
      "f_3:1,4:1": "s"
    }
  },
  "formations_w_d": {
    "f_3:1,4:1": {
      "3": 2,
      "4": 1
    },
    "f_3:2,4:1": {
      "3": 3,
      "4": 1
    },
    "f_3:1": {
      "3": 1
    },
    "f_3:2": {
      "3": 2
    }
  },
  "latest_finish": {
    "I-183_U": 112,
    "I-228_U": 104,
    "O-50_L": 105,
    "O-98_L": 112,
    "I-221_U": 111,
    "O-11_L": 102,
    "O-232_L": 113,
    "I-8_U": 110,
    "O-241_L": 104,
    "I-179_U": 101,
    "I-10_U": 104,
    "I-16_U": 103,
    "I-99_U": 105,
    "I-175_U": 99,
    "O-140_L": 103,
    "I-199_U": 105,
    "I-237_U": 103,
    "I-173_U": 109,
    "O-167_L": 113,
    "O-225_L": 110,
    "O-6_L": 107,
    "I-84_U": 110,
    "I-129_U": 105,
    "I-109_U": 109,
    "I-47_U": 112,
    "O-198_L": 110,
    "O-176_L": 113,
    "O-112_L": 111,
    "I-165_U": 107,
    "I-166_U": 104
  },
  "travel_times": {
    "I-183_U": {
      "I-183_U": 0,
      "I-228_U": 1,
      "depot": 2,
      "O-50_L": 1,
      "O-98_L": 1,
      "I-221_U": 1,
      "O-11_L": 2,
      "O-232_L": 1,
      "I-8_U": 2,
      "O-241_L": 1,
      "I-179_U": 2,
      "I-10_U": 2,
      "I-16_U": 1,
      "I-99_U": 1,
      "I-175_U": 2,
      "O-140_L": 0,
      "I-199_U": 2,
      "I-237_U": 1,
      "I-173_U": 2,
      "O-167_L": 1,
      "O-225_L": 1,
      "O-6_L": 2,
      "I-84_U": 1,
      "I-129_U": 1,
      "I-109_U": 1,
      "I-47_U": 1,
      "O-198_L": 2,
      "O-176_L": 2,
      "O-112_L": 1,
      "I-165_U": 1,
      "I-166_U": 1
    },
    "I-228_U": {
      "I-183_U": 1,
      "I-228_U": 0,
      "depot": 1,
      "O-50_L": 1,
      "O-98_L": 1,
      "I-221_U": 1,
      "O-11_L": 2,
      "O-232_L": 1,
      "I-8_U": 1,
      "O-241_L": 1,
      "I-179_U": 2,
      "I-10_U": 2,
      "I-16_U": 1,
      "I-99_U": 1,
      "I-175_U": 1,
      "O-140_L": 1,
      "I-199_U": 2,
      "I-237_U": 1,
      "I-173_U": 1,
      "O-167_L": 1,
      "O-225_L": 1,
      "O-6_L": 1,
      "I-84_U": 1,
      "I-129_U": 1,
      "I-109_U": 1,
      "I-47_U": 1,
      "O-198_L": 2,
      "O-176_L": 1,
      "O-112_L": 1,
      "I-165_U": 0,
      "I-166_U": 1
    },
    "depot": {
      "I-183_U": 2,
      "I-228_U": 1,
      "O-50_L": 2,
      "O-98_L": 1,
      "I-221_U": 1,
      "O-11_L": 2,
      "O-232_L": 1,
      "I-8_U": 1,
      "O-241_L": 1,
      "I-179_U": 3,
      "I-10_U": 2,
      "I-16_U": 1,
      "I-99_U": 1,
      "I-175_U": 1,
      "O-140_L": 2,
      "I-199_U": 3,
      "I-237_U": 1,
      "I-173_U": 1,
      "O-167_L": 2,
      "O-225_L": 2,
      "O-6_L": 1,
      "I-84_U": 1,
      "I-129_U": 1,
      "I-109_U": 1,
      "I-47_U": 1,
      "O-198_L": 3,
      "O-176_L": 1,
      "O-112_L": 1,
      "I-165_U": 1,
      "I-166_U": 2
    },
    "O-50_L": {
      "I-183_U": 1,
      "I-228_U": 1,
      "depot": 2,
      "O-50_L": 0,
      "O-98_L": 1,
      "I-221_U": 1,
      "O-11_L": 2,
      "O-232_L": 1,
      "I-8_U": 2,
      "O-241_L": 1,
      "I-179_U": 2,
      "I-10_U": 2,
      "I-16_U": 1,
      "I-99_U": 1,
      "I-175_U": 2,
      "O-140_L": 1,
      "I-199_U": 2,
      "I-237_U": 1,
      "I-173_U": 2,
      "O-167_L": 1,
      "O-225_L": 1,
      "O-6_L": 2,
      "I-84_U": 1,
      "I-129_U": 1,
      "I-109_U": 1,
      "I-47_U": 1,
      "O-198_L": 2,
      "O-176_L": 2,
      "O-112_L": 1,
      "I-165_U": 1,
      "I-166_U": 1
    },
    "O-98_L": {
      "I-183_U": 1,
      "I-228_U": 1,
      "depot": 1,
      "O-50_L": 1,
      "O-98_L": 0,
      "I-221_U": 0,
      "O-11_L": 2,
      "O-232_L": 1,
      "I-8_U": 1,
      "O-241_L": 1,
      "I-179_U": 2,
      "I-10_U": 2,
      "I-16_U": 1,
      "I-99_U": 0,
      "I-175_U": 1,
      "O-140_L": 1,
      "I-199_U": 2,
      "I-237_U": 1,
      "I-173_U": 1,
      "O-167_L": 1,
      "O-225_L": 1,
      "O-6_L": 1,
      "I-84_U": 1,
      "I-129_U": 1,
      "I-109_U": 1,
      "I-47_U": 1,
      "O-198_L": 2,
      "O-176_L": 1,
      "O-112_L": 1,
      "I-165_U": 1,
      "I-166_U": 1
    },
    "I-221_U": {
      "I-183_U": 1,
      "I-228_U": 1,
      "depot": 1,
      "O-50_L": 1,
      "O-98_L": 0,
      "I-221_U": 0,
      "O-11_L": 2,
      "O-232_L": 1,
      "I-8_U": 1,
      "O-241_L": 1,
      "I-179_U": 2,
      "I-10_U": 2,
      "I-16_U": 1,
      "I-99_U": 0,
      "I-175_U": 1,
      "O-140_L": 1,
      "I-199_U": 2,
      "I-237_U": 1,
      "I-173_U": 1,
      "O-167_L": 1,
      "O-225_L": 1,
      "O-6_L": 1,
      "I-84_U": 1,
      "I-129_U": 1,
      "I-109_U": 1,
      "I-47_U": 1,
      "O-198_L": 2,
      "O-176_L": 1,
      "O-112_L": 1,
      "I-165_U": 1,
      "I-166_U": 1
    },
    "O-11_L": {
      "I-183_U": 2,
      "I-228_U": 2,
      "depot": 2,
      "O-50_L": 2,
      "O-98_L": 2,
      "I-221_U": 2,
      "O-11_L": 0,
      "O-232_L": 2,
      "I-8_U": 3,
      "O-241_L": 2,
      "I-179_U": 1,
      "I-10_U": 0,
      "I-16_U": 2,
      "I-99_U": 2,
      "I-175_U": 2,
      "O-140_L": 2,
      "I-199_U": 1,
      "I-237_U": 2,
      "I-173_U": 3,
      "O-167_L": 2,
      "O-225_L": 2,
      "O-6_L": 2,
      "I-84_U": 2,
      "I-129_U": 2,
      "I-109_U": 2,
      "I-47_U": 2,
      "O-198_L": 1,
      "O-176_L": 2,
      "O-112_L": 2,
      "I-165_U": 2,
      "I-166_U": 2
    },
    "O-232_L": {
      "I-183_U": 1,
      "I-228_U": 1,
      "depot": 1,
      "O-50_L": 1,
      "O-98_L": 1,
      "I-221_U": 1,
      "O-11_L": 2,
      "O-232_L": 0,
      "I-8_U": 1,
      "O-241_L": 1,
      "I-179_U": 2,
      "I-10_U": 2,
      "I-16_U": 1,
      "I-99_U": 1,
      "I-175_U": 1,
      "O-140_L": 1,
      "I-199_U": 3,
      "I-237_U": 1,
      "I-173_U": 1,
      "O-167_L": 1,
      "O-225_L": 1,
      "O-6_L": 1,
      "I-84_U": 1,
      "I-129_U": 1,
      "I-109_U": 1,
      "I-47_U": 0,
      "O-198_L": 3,
      "O-176_L": 1,
      "O-112_L": 0,
      "I-165_U": 1,
      "I-166_U": 1
    },
    "I-8_U": {
      "I-183_U": 2,
      "I-228_U": 1,
      "depot": 1,
      "O-50_L": 2,
      "O-98_L": 1,
      "I-221_U": 1,
      "O-11_L": 3,
      "O-232_L": 1,
      "I-8_U": 0,
      "O-241_L": 1,
      "I-179_U": 3,
      "I-10_U": 3,
      "I-16_U": 1,
      "I-99_U": 1,
      "I-175_U": 1,
      "O-140_L": 2,
      "I-199_U": 3,
      "I-237_U": 1,
      "I-173_U": 0,
      "O-167_L": 2,
      "O-225_L": 2,
      "O-6_L": 1,
      "I-84_U": 1,
      "I-129_U": 1,
      "I-109_U": 1,
      "I-47_U": 1,
      "O-198_L": 3,
      "O-176_L": 1,
      "O-112_L": 1,
      "I-165_U": 1,
      "I-166_U": 2
    },
    "O-241_L": {
      "I-183_U": 1,
      "I-228_U": 1,
      "depot": 1,
      "O-50_L": 1,
      "O-98_L": 1,
      "I-221_U": 1,
      "O-11_L": 2,
      "O-232_L": 1,
      "I-8_U": 1,
      "O-241_L": 0,
      "I-179_U": 2,
      "I-10_U": 2,
      "I-16_U": 1,
      "I-99_U": 1,
      "I-175_U": 1,
      "O-140_L": 1,
      "I-199_U": 3,
      "I-237_U": 1,
      "I-173_U": 1,
      "O-167_L": 1,
      "O-225_L": 1,
      "O-6_L": 1,
      "I-84_U": 1,
      "I-129_U": 0,
      "I-109_U": 1,
      "I-47_U": 1,
      "O-198_L": 3,
      "O-176_L": 1,
      "O-112_L": 1,
      "I-165_U": 1,
      "I-166_U": 1
    },
    "I-179_U": {
      "I-183_U": 2,
      "I-228_U": 2,
      "depot": 3,
      "O-50_L": 2,
      "O-98_L": 2,
      "I-221_U": 2,
      "O-11_L": 1,
      "O-232_L": 2,
      "I-8_U": 3,
      "O-241_L": 2,
      "I-179_U": 0,
      "I-10_U": 1,
      "I-16_U": 2,
      "I-99_U": 2,
      "I-175_U": 2,
      "O-140_L": 2,
      "I-199_U": 1,
      "I-237_U": 2,
      "I-173_U": 3,
      "O-167_L": 2,
      "O-225_L": 2,
      "O-6_L": 2,
      "I-84_U": 2,
      "I-129_U": 2,
      "I-109_U": 2,
      "I-47_U": 2,
      "O-198_L": 1,
      "O-176_L": 2,
      "O-112_L": 2,
      "I-165_U": 2,
      "I-166_U": 2
    },
    "I-10_U": {
      "I-183_U": 2,
      "I-228_U": 2,
      "depot": 2,
      "O-50_L": 2,
      "O-98_L": 2,
      "I-221_U": 2,
      "O-11_L": 0,
      "O-232_L": 2,
      "I-8_U": 3,
      "O-241_L": 2,
      "I-179_U": 1,
      "I-10_U": 0,
      "I-16_U": 2,
      "I-99_U": 2,
      "I-175_U": 2,
      "O-140_L": 2,
      "I-199_U": 1,
      "I-237_U": 2,
      "I-173_U": 3,
      "O-167_L": 2,
      "O-225_L": 2,
      "O-6_L": 2,
      "I-84_U": 2,
      "I-129_U": 2,
      "I-109_U": 2,
      "I-47_U": 2,
      "O-198_L": 1,
      "O-176_L": 2,
      "O-112_L": 2,
      "I-165_U": 2,
      "I-166_U": 2
    },
    "I-16_U": {
      "I-183_U": 1,
      "I-228_U": 1,
      "depot": 1,
      "O-50_L": 1,
      "O-98_L": 1,
      "I-221_U": 1,
      "O-11_L": 2,
      "O-232_L": 1,
      "I-8_U": 1,
      "O-241_L": 1,
      "I-179_U": 2,
      "I-10_U": 2,
      "I-16_U": 0,
      "I-99_U": 1,
      "I-175_U": 1,
      "O-140_L": 1,
      "I-199_U": 3,
      "I-237_U": 1,
      "I-173_U": 1,
      "O-167_L": 1,
      "O-225_L": 1,
      "O-6_L": 1,
      "I-84_U": 1,
      "I-129_U": 1,
      "I-109_U": 1,
      "I-47_U": 1,
      "O-198_L": 3,
      "O-176_L": 1,
      "O-112_L": 1,
      "I-165_U": 1,
      "I-166_U": 1
    },
    "I-99_U": {
      "I-183_U": 1,
      "I-228_U": 1,
      "depot": 1,
      "O-50_L": 1,
      "O-98_L": 0,
      "I-221_U": 0,
      "O-11_L": 2,
      "O-232_L": 1,
      "I-8_U": 1,
      "O-241_L": 1,
      "I-179_U": 2,
      "I-10_U": 2,
      "I-16_U": 1,
      "I-99_U": 0,
      "I-175_U": 1,
      "O-140_L": 1,
      "I-199_U": 2,
      "I-237_U": 1,
      "I-173_U": 1,
      "O-167_L": 1,
      "O-225_L": 1,
      "O-6_L": 1,
      "I-84_U": 1,
      "I-129_U": 1,
      "I-109_U": 1,
      "I-47_U": 1,
      "O-198_L": 2,
      "O-176_L": 1,
      "O-112_L": 1,
      "I-165_U": 1,
      "I-166_U": 1
    },
    "I-175_U": {
      "I-183_U": 2,
      "I-228_U": 1,
      "depot": 1,
      "O-50_L": 2,
      "O-98_L": 1,
      "I-221_U": 1,
      "O-11_L": 2,
      "O-232_L": 1,
      "I-8_U": 1,
      "O-241_L": 1,
      "I-179_U": 2,
      "I-10_U": 2,
      "I-16_U": 1,
      "I-99_U": 1,
      "I-175_U": 0,
      "O-140_L": 2,
      "I-199_U": 3,
      "I-237_U": 1,
      "I-173_U": 1,
      "O-167_L": 1,
      "O-225_L": 2,
      "O-6_L": 0,
      "I-84_U": 1,
      "I-129_U": 1,
      "I-109_U": 1,
      "I-47_U": 1,
      "O-198_L": 3,
      "O-176_L": 0,
      "O-112_L": 1,
      "I-165_U": 1,
      "I-166_U": 1
    },
    "O-140_L": {
      "I-183_U": 0,
      "I-228_U": 1,
      "depot": 2,
      "O-50_L": 1,
      "O-98_L": 1,
      "I-221_U": 1,
      "O-11_L": 2,
      "O-232_L": 1,
      "I-8_U": 2,
      "O-241_L": 1,
      "I-179_U": 2,
      "I-10_U": 2,
      "I-16_U": 1,
      "I-99_U": 1,
      "I-175_U": 2,
      "O-140_L": 0,
      "I-199_U": 2,
      "I-237_U": 1,
      "I-173_U": 2,
      "O-167_L": 1,
      "O-225_L": 1,
      "O-6_L": 2,
      "I-84_U": 1,
      "I-129_U": 1,
      "I-109_U": 1,
      "I-47_U": 1,
      "O-198_L": 2,
      "O-176_L": 2,
      "O-112_L": 1,
      "I-165_U": 1,
      "I-166_U": 1
    },
    "I-199_U": {
      "I-183_U": 2,
      "I-228_U": 2,
      "depot": 3,
      "O-50_L": 2,
      "O-98_L": 2,
      "I-221_U": 2,
      "O-11_L": 1,
      "O-232_L": 3,
      "I-8_U": 3,
      "O-241_L": 3,
      "I-179_U": 1,
      "I-10_U": 1,
      "I-16_U": 3,
      "I-99_U": 2,
      "I-175_U": 3,
      "O-140_L": 2,
      "I-199_U": 0,
      "I-237_U": 2,
      "I-173_U": 3,
      "O-167_L": 2,
      "O-225_L": 2,
      "O-6_L": 3,
      "I-84_U": 2,
      "I-129_U": 3,
      "I-109_U": 2,
      "I-47_U": 3,
      "O-198_L": 0,
      "O-176_L": 3,
      "O-112_L": 3,
      "I-165_U": 2,
      "I-166_U": 2
    },
    "I-237_U": {
      "I-183_U": 1,
      "I-228_U": 1,
      "depot": 1,
      "O-50_L": 1,
      "O-98_L": 1,
      "I-221_U": 1,
      "O-11_L": 2,
      "O-232_L": 1,
      "I-8_U": 1,
      "O-241_L": 1,
      "I-179_U": 2,
      "I-10_U": 2,
      "I-16_U": 1,
      "I-99_U": 1,
      "I-175_U": 1,
      "O-140_L": 1,
      "I-199_U": 2,
      "I-237_U": 0,
      "I-173_U": 1,
      "O-167_L": 1,
      "O-225_L": 1,
      "O-6_L": 1,
      "I-84_U": 0,
      "I-129_U": 1,
      "I-109_U": 0,
      "I-47_U": 1,
      "O-198_L": 2,
      "O-176_L": 1,
      "O-112_L": 1,
      "I-165_U": 1,
      "I-166_U": 1
    },
    "I-173_U": {
      "I-183_U": 2,
      "I-228_U": 1,
      "depot": 1,
      "O-50_L": 2,
      "O-98_L": 1,
      "I-221_U": 1,
      "O-11_L": 3,
      "O-232_L": 1,
      "I-8_U": 0,
      "O-241_L": 1,
      "I-179_U": 3,
      "I-10_U": 3,
      "I-16_U": 1,
      "I-99_U": 1,
      "I-175_U": 1,
      "O-140_L": 2,
      "I-199_U": 3,
      "I-237_U": 1,
      "I-173_U": 0,
      "O-167_L": 2,
      "O-225_L": 2,
      "O-6_L": 1,
      "I-84_U": 1,
      "I-129_U": 1,
      "I-109_U": 1,
      "I-47_U": 1,
      "O-198_L": 3,
      "O-176_L": 1,
      "O-112_L": 1,
      "I-165_U": 1,
      "I-166_U": 2
    },
    "O-167_L": {
      "I-183_U": 1,
      "I-228_U": 1,
      "depot": 2,
      "O-50_L": 1,
      "O-98_L": 1,
      "I-221_U": 1,
      "O-11_L": 2,
      "O-232_L": 1,
      "I-8_U": 2,
      "O-241_L": 1,
      "I-179_U": 2,
      "I-10_U": 2,
      "I-16_U": 1,
      "I-99_U": 1,
      "I-175_U": 1,
      "O-140_L": 1,
      "I-199_U": 2,
      "I-237_U": 1,
      "I-173_U": 2,
      "O-167_L": 0,
      "O-225_L": 1,
      "O-6_L": 1,
      "I-84_U": 1,
      "I-129_U": 1,
      "I-109_U": 1,
      "I-47_U": 1,
      "O-198_L": 2,
      "O-176_L": 1,
      "O-112_L": 1,
      "I-165_U": 1,
      "I-166_U": 0
    },
    "O-225_L": {
      "I-183_U": 1,
      "I-228_U": 1,
      "depot": 2,
      "O-50_L": 1,
      "O-98_L": 1,
      "I-221_U": 1,
      "O-11_L": 2,
      "O-232_L": 1,
      "I-8_U": 2,
      "O-241_L": 1,
      "I-179_U": 2,
      "I-10_U": 2,
      "I-16_U": 1,
      "I-99_U": 1,
      "I-175_U": 2,
      "O-140_L": 1,
      "I-199_U": 2,
      "I-237_U": 1,
      "I-173_U": 2,
      "O-167_L": 1,
      "O-225_L": 0,
      "O-6_L": 2,
      "I-84_U": 1,
      "I-129_U": 1,
      "I-109_U": 1,
      "I-47_U": 1,
      "O-198_L": 2,
      "O-176_L": 2,
      "O-112_L": 1,
      "I-165_U": 1,
      "I-166_U": 1
    },
    "O-6_L": {
      "I-183_U": 2,
      "I-228_U": 1,
      "depot": 1,
      "O-50_L": 2,
      "O-98_L": 1,
      "I-221_U": 1,
      "O-11_L": 2,
      "O-232_L": 1,
      "I-8_U": 1,
      "O-241_L": 1,
      "I-179_U": 2,
      "I-10_U": 2,
      "I-16_U": 1,
      "I-99_U": 1,
      "I-175_U": 0,
      "O-140_L": 2,
      "I-199_U": 3,
      "I-237_U": 1,
      "I-173_U": 1,
      "O-167_L": 1,
      "O-225_L": 2,
      "O-6_L": 0,
      "I-84_U": 1,
      "I-129_U": 1,
      "I-109_U": 1,
      "I-47_U": 1,
      "O-198_L": 3,
      "O-176_L": 0,
      "O-112_L": 1,
      "I-165_U": 1,
      "I-166_U": 1
    },
    "I-84_U": {
      "I-183_U": 1,
      "I-228_U": 1,
      "depot": 1,
      "O-50_L": 1,
      "O-98_L": 1,
      "I-221_U": 1,
      "O-11_L": 2,
      "O-232_L": 1,
      "I-8_U": 1,
      "O-241_L": 1,
      "I-179_U": 2,
      "I-10_U": 2,
      "I-16_U": 1,
      "I-99_U": 1,
      "I-175_U": 1,
      "O-140_L": 1,
      "I-199_U": 2,
      "I-237_U": 0,
      "I-173_U": 1,
      "O-167_L": 1,
      "O-225_L": 1,
      "O-6_L": 1,
      "I-84_U": 0,
      "I-129_U": 1,
      "I-109_U": 0,
      "I-47_U": 1,
      "O-198_L": 2,
      "O-176_L": 1,
      "O-112_L": 1,
      "I-165_U": 1,
      "I-166_U": 1
    },
    "I-129_U": {
      "I-183_U": 1,
      "I-228_U": 1,
      "depot": 1,
      "O-50_L": 1,
      "O-98_L": 1,
      "I-221_U": 1,
      "O-11_L": 2,
      "O-232_L": 1,
      "I-8_U": 1,
      "O-241_L": 0,
      "I-179_U": 2,
      "I-10_U": 2,
      "I-16_U": 1,
      "I-99_U": 1,
      "I-175_U": 1,
      "O-140_L": 1,
      "I-199_U": 3,
      "I-237_U": 1,
      "I-173_U": 1,
      "O-167_L": 1,
      "O-225_L": 1,
      "O-6_L": 1,
      "I-84_U": 1,
      "I-129_U": 0,
      "I-109_U": 1,
      "I-47_U": 1,
      "O-198_L": 3,
      "O-176_L": 1,
      "O-112_L": 1,
      "I-165_U": 1,
      "I-166_U": 1
    },
    "I-109_U": {
      "I-183_U": 1,
      "I-228_U": 1,
      "depot": 1,
      "O-50_L": 1,
      "O-98_L": 1,
      "I-221_U": 1,
      "O-11_L": 2,
      "O-232_L": 1,
      "I-8_U": 1,
      "O-241_L": 1,
      "I-179_U": 2,
      "I-10_U": 2,
      "I-16_U": 1,
      "I-99_U": 1,
      "I-175_U": 1,
      "O-140_L": 1,
      "I-199_U": 2,
      "I-237_U": 0,
      "I-173_U": 1,
      "O-167_L": 1,
      "O-225_L": 1,
      "O-6_L": 1,
      "I-84_U": 0,
      "I-129_U": 1,
      "I-109_U": 0,
      "I-47_U": 1,
      "O-198_L": 2,
      "O-176_L": 1,
      "O-112_L": 1,
      "I-165_U": 1,
      "I-166_U": 1
    },
    "I-47_U": {
      "I-183_U": 1,
      "I-228_U": 1,
      "depot": 1,
      "O-50_L": 1,
      "O-98_L": 1,
      "I-221_U": 1,
      "O-11_L": 2,
      "O-232_L": 0,
      "I-8_U": 1,
      "O-241_L": 1,
      "I-179_U": 2,
      "I-10_U": 2,
      "I-16_U": 1,
      "I-99_U": 1,
      "I-175_U": 1,
      "O-140_L": 1,
      "I-199_U": 3,
      "I-237_U": 1,
      "I-173_U": 1,
      "O-167_L": 1,
      "O-225_L": 1,
      "O-6_L": 1,
      "I-84_U": 1,
      "I-129_U": 1,
      "I-109_U": 1,
      "I-47_U": 0,
      "O-198_L": 3,
      "O-176_L": 1,
      "O-112_L": 0,
      "I-165_U": 1,
      "I-166_U": 1
    },
    "O-198_L": {
      "I-183_U": 2,
      "I-228_U": 2,
      "depot": 3,
      "O-50_L": 2,
      "O-98_L": 2,
      "I-221_U": 2,
      "O-11_L": 1,
      "O-232_L": 3,
      "I-8_U": 3,
      "O-241_L": 3,
      "I-179_U": 1,
      "I-10_U": 1,
      "I-16_U": 3,
      "I-99_U": 2,
      "I-175_U": 3,
      "O-140_L": 2,
      "I-199_U": 0,
      "I-237_U": 2,
      "I-173_U": 3,
      "O-167_L": 2,
      "O-225_L": 2,
      "O-6_L": 3,
      "I-84_U": 2,
      "I-129_U": 3,
      "I-109_U": 2,
      "I-47_U": 3,
      "O-198_L": 0,
      "O-176_L": 3,
      "O-112_L": 3,
      "I-165_U": 2,
      "I-166_U": 2
    },
    "O-176_L": {
      "I-183_U": 2,
      "I-228_U": 1,
      "depot": 1,
      "O-50_L": 2,
      "O-98_L": 1,
      "I-221_U": 1,
      "O-11_L": 2,
      "O-232_L": 1,
      "I-8_U": 1,
      "O-241_L": 1,
      "I-179_U": 2,
      "I-10_U": 2,
      "I-16_U": 1,
      "I-99_U": 1,
      "I-175_U": 0,
      "O-140_L": 2,
      "I-199_U": 3,
      "I-237_U": 1,
      "I-173_U": 1,
      "O-167_L": 1,
      "O-225_L": 2,
      "O-6_L": 0,
      "I-84_U": 1,
      "I-129_U": 1,
      "I-109_U": 1,
      "I-47_U": 1,
      "O-198_L": 3,
      "O-176_L": 0,
      "O-112_L": 1,
      "I-165_U": 1,
      "I-166_U": 1
    },
    "O-112_L": {
      "I-183_U": 1,
      "I-228_U": 1,
      "depot": 1,
      "O-50_L": 1,
      "O-98_L": 1,
      "I-221_U": 1,
      "O-11_L": 2,
      "O-232_L": 0,
      "I-8_U": 1,
      "O-241_L": 1,
      "I-179_U": 2,
      "I-10_U": 2,
      "I-16_U": 1,
      "I-99_U": 1,
      "I-175_U": 1,
      "O-140_L": 1,
      "I-199_U": 3,
      "I-237_U": 1,
      "I-173_U": 1,
      "O-167_L": 1,
      "O-225_L": 1,
      "O-6_L": 1,
      "I-84_U": 1,
      "I-129_U": 1,
      "I-109_U": 1,
      "I-47_U": 0,
      "O-198_L": 3,
      "O-176_L": 1,
      "O-112_L": 0,
      "I-165_U": 1,
      "I-166_U": 1
    },
    "I-165_U": {
      "I-183_U": 1,
      "I-228_U": 0,
      "depot": 1,
      "O-50_L": 1,
      "O-98_L": 1,
      "I-221_U": 1,
      "O-11_L": 2,
      "O-232_L": 1,
      "I-8_U": 1,
      "O-241_L": 1,
      "I-179_U": 2,
      "I-10_U": 2,
      "I-16_U": 1,
      "I-99_U": 1,
      "I-175_U": 1,
      "O-140_L": 1,
      "I-199_U": 2,
      "I-237_U": 1,
      "I-173_U": 1,
      "O-167_L": 1,
      "O-225_L": 1,
      "O-6_L": 1,
      "I-84_U": 1,
      "I-129_U": 1,
      "I-109_U": 1,
      "I-47_U": 1,
      "O-198_L": 2,
      "O-176_L": 1,
      "O-112_L": 1,
      "I-165_U": 0,
      "I-166_U": 1
    },
    "I-166_U": {
      "I-183_U": 1,
      "I-228_U": 1,
      "depot": 2,
      "O-50_L": 1,
      "O-98_L": 1,
      "I-221_U": 1,
      "O-11_L": 2,
      "O-232_L": 1,
      "I-8_U": 2,
      "O-241_L": 1,
      "I-179_U": 2,
      "I-10_U": 2,
      "I-16_U": 1,
      "I-99_U": 1,
      "I-175_U": 1,
      "O-140_L": 1,
      "I-199_U": 2,
      "I-237_U": 1,
      "I-173_U": 2,
      "O-167_L": 0,
      "O-225_L": 1,
      "O-6_L": 1,
      "I-84_U": 1,
      "I-129_U": 1,
      "I-109_U": 1,
      "I-47_U": 1,
      "O-198_L": 2,
      "O-176_L": 1,
      "O-112_L": 1,
      "I-165_U": 1,
      "I-166_U": 0
    }
  },
  "workers": {
    "3": 5,
    "4": 2,
    "5": 0
  },
  "tasks": [
    "O-6_L",
    "I-8_U",
    "I-10_U",
    "O-11_L",
    "I-16_U",
    "I-47_U",
    "O-50_L",
    "I-84_U",
    "O-98_L",
    "I-99_U",
    "I-109_U",
    "O-112_L",
    "I-129_U",
    "O-140_L",
    "I-165_U",
    "O-167_L",
    "I-166_U",
    "I-173_U",
    "I-175_U",
    "O-176_L",
    "I-179_U",
    "I-183_U",
    "I-199_U",
    "O-198_L",
    "I-221_U",
    "O-225_L",
    "I-228_U",
    "O-232_L",
    "I-237_U",
    "O-241_L"
  ],
  "skill_levels": [
    3,
    4,
    5
  ]
}