{
  "tasks_per_formation": {
    "f_3:2,4:2": [
      "I-70_U",
      "O-82_L",
      "O-60_L",
      "O-98_L"
    ],
    "f_3:1,4:1": [
      "I-41_U",
      "O-82_L",
      "O-98_L",
      "I-99_U",
      "I-64_U"
    ],
    "f_3:1,4:2": [
      "I-41_U",
      "I-99_U",
      "I-64_U"
    ],
    "f_3:3": [
      "O-66_L",
      "O-14_L",
      "I-101_U"
    ],
    "f_3:2": [
      "O-66_L",
      "O-14_L",
      "I-101_U"
    ]
  },
  "modes": {
    "I-41_U": {
      "f_3:1,4:1": 4,
      "f_3:1,4:2": 3
    },
    "I-70_U": {
      "f_3:2,4:2": 3
    },
    "O-82_L": {
      "f_3:2,4:2": 3,
      "f_3:1,4:1": 5
    },
    "O-60_L": {
      "f_3:2,4:2": 3
    },
    "O-66_L": {
      "f_3:3": 3,
      "f_3:2": 5
    },
    "O-98_L": {
      "f_3:2,4:2": 3,
      "f_3:1,4:1": 5
    },
    "I-99_U": {
      "f_3:1,4:1": 4,
      "f_3:1,4:2": 3
    },
    "I-64_U": {
      "f_3:1,4:1": 3,
      "f_3:1,4:2": 2
    },
    "O-14_L": {
      "f_3:3": 3,
      "f_3:2": 4
    },
    "I-101_U": {
      "f_3:3": 3,
      "f_3:2": 4
    }
  },
  "depot": "depot",
  "instants": [
    93,
    94,
    95,
    96,
    97,
    98,
    99,
    100,
    101,
    102,
    103,
    104,
    105,
    106,
    107,
    108,
    109,
    110,
    111,
    112,
    113,
    114
  ],
  "begin_horizon": 93,
  "end_horizon": 115,
  "earliest_start": {
    "I-41_U": 101,
    "I-70_U": 105,
    "O-82_L": 97,
    "O-60_L": 99,
    "O-66_L": 105,
    "O-98_L": 104,
    "I-99_U": 97,
    "I-64_U": 97,
    "O-14_L": 96,
    "I-101_U": 101
  },
  "latest_start": {
    "I-41_U": 103,
    "I-70_U": 106,
    "O-82_L": 99,
    "O-60_L": 101,
    "O-66_L": 108,
    "O-98_L": 106,
    "I-99_U": 100,
    "I-64_U": 98,
    "O-14_L": 99,
    "I-101_U": 102
  },
  "weights": {
    "I-41_U": 2.0,
    "I-70_U": 2.0,
    "O-82_L": 2.0,
    "O-60_L": 2.0,
    "O-66_L": 2.0,
    "O-98_L": 2.0,
    "I-99_U": 2.0,
    "I-64_U": 2.0,
    "O-14_L": 1.0,
    "I-101_U": 1.0
  },
  "workers_w_d": {
    "3": 14,
    "4": 6,
    "5": 0
  },
  "earliest_finish": {
    "I-41_U": 104,
    "I-70_U": 108,
    "O-82_L": 100,
    "O-60_L": 102,
    "O-66_L": 108,
    "O-98_L": 107,
    "I-99_U": 100,
    "I-64_U": 99,
    "O-14_L": 99,
    "I-101_U": 104
  },
  "formations": {
    "f_3:2,4:2": {
      "3": 2,
      "4": 2
    },
    "f_3:1,4:1": {
      "3": 1,
      "4": 1
    },
    "f_3:1,4:2": {
      "3": 1,
      "4": 2
    },
    "f_3:3": {
      "3": 3
    },
    "f_3:2": {
      "3": 2
    }
  },
  "modesSpeedID": {
    "I-41_U": {
      "f_3:1,4:1": "s",
      "f_3:1,4:2": "f"
    },
    "I-70_U": {
      "f_3:2,4:2": "f"
    },
    "O-82_L": {
      "f_3:2,4:2": "f",
      "f_3:1,4:1": "s"
    },
    "O-60_L": {
      "f_3:2,4:2": "f"
    },
    "O-66_L": {
      "f_3:3": "f",
      "f_3:2": "s"
    },
    "O-98_L": {
      "f_3:2,4:2": "f",
      "f_3:1,4:1": "s"
    },
    "I-99_U": {
      "f_3:1,4:1": "s",
      "f_3:1,4:2": "f"
    },
    "I-64_U": {
      "f_3:1,4:1": "s",
      "f_3:1,4:2": "f"
    },
    "O-14_L": {
      "f_3:3": "f",
      "f_3:2": "s"
    },
    "I-101_U": {
      "f_3:3": "f",
      "f_3:2": "s"
    }
  },
  "formations_w_d": {
    "f_3:2,4:2": {
      "3": 4,
      "4": 2
    },
    "f_3:1,4:1": {
      "3": 2,
      "4": 1
    },
    "f_3:1,4:2": {
      "3": 3,
      "4": 2
    },
    "f_3:3": {
      "3": 3
    },
    "f_3:2": {
      "3": 2
    }
  },
  "latest_finish": {
    "I-41_U": 106,
    "I-70_U": 109,
    "O-82_L": 102,
    "O-60_L": 104,
    "O-66_L": 111,
    "O-98_L": 109,
    "I-99_U": 103,
    "I-64_U": 100,
    "O-14_L": 102,
    "I-101_U": 105
  },
  "travel_times": {
    "I-41_U": {
      "I-41_U": 0,
      "depot": 1,
      "I-70_U": 2,
      "O-82_L": 1,
      "O-60_L": 1,
      "O-66_L": 2,
      "O-98_L": 2,
      "I-99_U": 2,
      "I-64_U": 2,
      "O-14_L": 2,
      "I-101_U": 1
    },
    "depot": {
      "I-41_U": 1,
      "I-70_U": 3,
      "O-82_L": 1,
      "O-60_L": 2,
      "O-66_L": 3,
      "O-98_L": 1,
      "I-99_U": 1,
      "I-64_U": 3,
      "O-14_L": 3,
      "I-101_U": 1
    },
    "I-70_U": {
      "I-41_U": 2,
      "depot": 3,
      "I-70_U": 0,
      "O-82_L": 2,
      "O-60_L": 2,
      "O-66_L": 0,
      "O-98_L": 3,
      "I-99_U": 3,
      "I-64_U": 1,
      "O-14_L": 0,
      "I-101_U": 3
    },
    "O-82_L": {
      "I-41_U": 1,
      "depot": 1,
      "I-70_U": 2,
      "O-82_L": 0,
      "O-60_L": 1,
      "O-66_L": 2,
      "O-98_L": 1,
      "I-99_U": 1,
      "I-64_U": 2,
      "O-14_L": 2,
      "I-101_U": 1
    },
    "O-60_L": {
      "I-41_U": 1,
      "depot": 2,
      "I-70_U": 2,
      "O-82_L": 1,
      "O-60_L": 0,
      "O-66_L": 2,
      "O-98_L": 2,
      "I-99_U": 2,
      "I-64_U": 2,
      "O-14_L": 2,
      "I-101_U": 1
    },
    "O-66_L": {
      "I-41_U": 2,
      "depot": 3,
      "I-70_U": 0,
      "O-82_L": 2,
      "O-60_L": 2,
      "O-66_L": 0,
      "O-98_L": 3,
      "I-99_U": 3,
      "I-64_U": 1,
      "O-14_L": 0,
      "I-101_U": 3
    },
    "O-98_L": {
      "I-41_U": 2,
      "depot": 1,
      "I-70_U": 3,
      "O-82_L": 1,
      "O-60_L": 2,
      "O-66_L": 3,
      "O-98_L": 0,
      "I-99_U": 0,
      "I-64_U": 3,
      "O-14_L": 3,
      "I-101_U": 1
    },
    "I-99_U": {
      "I-41_U": 2,
      "depot": 1,
      "I-70_U": 3,
      "O-82_L": 1,
      "O-60_L": 2,
      "O-66_L": 3,
      "O-98_L": 0,
      "I-99_U": 0,
      "I-64_U": 3,
      "O-14_L": 3,
      "I-101_U": 1
    },
    "I-64_U": {
      "I-41_U": 2,
      "depot": 3,
      "I-70_U": 1,
      "O-82_L": 2,
      "O-60_L": 2,
      "O-66_L": 1,
      "O-98_L": 3,
      "I-99_U": 3,
      "I-64_U": 0,
      "O-14_L": 1,
      "I-101_U": 2
    },
    "O-14_L": {
      "I-41_U": 2,
      "depot": 3,
      "I-70_U": 0,
      "O-82_L": 2,
      "O-60_L": 2,
      "O-66_L": 0,
      "O-98_L": 3,
      "I-99_U": 3,
      "I-64_U": 1,
      "O-14_L": 0,
      "I-101_U": 3
    },
    "I-101_U": {
      "I-41_U": 1,
      "depot": 1,
      "I-70_U": 3,
      "O-82_L": 1,
      "O-60_L": 1,
      "O-66_L": 3,
      "O-98_L": 1,
      "I-99_U": 1,
      "I-64_U": 2,
      "O-14_L": 3,
      "I-101_U": 0
    }
  },
  "workers": {
    "3": 8,
    "4": 6,
    "5": 0
  },
  "tasks": [
    "O-14_L",
    "I-41_U",
    "O-60_L",
    "I-64_U",
    "O-66_L",
    "I-70_U",
    "O-82_L",
    "O-98_L",
    "I-99_U",
    "I-101_U"
  ],
  "skill_levels": [
    3,
    4,
    5
  ]
}