{
  "tasks_per_formation": {
    "f_3:2,4:1": [
      "I-139_U",
      "I-132_U",
      "I-103_U"
    ],
    "f_3:1,4:1": [
      "I-82_U",
      "I-139_U",
      "I-190_U",
      "O-83_L",
      "O-138_L",
      "I-132_U",
      "O-34_L",
      "I-103_U"
    ],
    "f_3:2,4:2": [
      "O-133_L",
      "I-119_U",
      "I-82_U",
      "I-7_U",
      "O-83_L",
      "O-53_L",
      "I-47_U",
      "O-35_L",
      "I-36_U",
      "I-4_U"
    ],
    "f_3:1,4:2": [
      "O-138_L",
      "O-34_L"
    ],
    "f_3:1,4:1,5:1": [
      "O-51_L",
      "O-141_L"
    ],
    "f_3:3": [
      "I-162_U",
      "O-84_L",
      "I-68_U",
      "O-161_L",
      "O-97_L",
      "O-56_L",
      "O-130_L",
      "O-173_L",
      "I-203_U"
    ],
    "f_3:2,4:2,5:2": [
      "O-51_L",
      "O-141_L",
      "I-175_U",
      "I-14_U"
    ],
    "f_3:2": [
      "I-85_U",
      "I-162_U",
      "O-84_L",
      "I-68_U",
      "O-161_L",
      "O-97_L",
      "O-56_L",
      "O-130_L",
      "O-173_L",
      "I-203_U"
    ]
  },
  "modes": {
    "O-133_L": {
      "f_3:2,4:2": 3
    },
    "I-162_U": {
      "f_3:3": 2,
      "f_3:2": 3
    },
    "O-138_L": {
      "f_3:1,4:1": 4,
      "f_3:1,4:2": 3
    },
    "O-51_L": {
      "f_3:1,4:1,5:1": 13,
      "f_3:2,4:2,5:2": 7
    },
    "O-53_L": {
      "f_3:2,4:2": 3
    },
    "O-97_L": {
      "f_3:3": 3,
      "f_3:2": 4
    },
    "O-34_L": {
      "f_3:1,4:1": 4,
      "f_3:1,4:2": 3
    },
    "O-35_L": {
      "f_3:2,4:2": 3
    },
    "O-56_L": {
      "f_3:3": 3,
      "f_3:2": 4
    },
    "I-203_U": {
      "f_3:3": 3,
      "f_3:2": 4
    },
    "I-119_U": {
      "f_3:2,4:2": 3
    },
    "I-139_U": {
      "f_3:2,4:1": 3,
      "f_3:1,4:1": 4
    },
    "I-7_U": {
      "f_3:2,4:2": 3
    },
    "I-132_U": {
      "f_3:2,4:1": 3,
      "f_3:1,4:1": 4
    },
    "O-161_L": {
      "f_3:3": 3,
      "f_3:2": 4
    },
    "O-141_L": {
      "f_3:1,4:1,5:1": 10,
      "f_3:2,4:2,5:2": 5
    },
    "I-175_U": {
      "f_3:2,4:2,5:2": 5
    },
    "I-36_U": {
      "f_3:2,4:2": 3
    },
    "I-4_U": {
      "f_3:2,4:2": 3
    },
    "I-14_U": {
      "f_3:2,4:2,5:2": 6
    },
    "O-84_L": {
      "f_3:3": 3,
      "f_3:2": 4
    },
    "I-190_U": {
      "f_3:1,4:1": 3
    },
    "O-83_L": {
      "f_3:2,4:2": 3,
      "f_3:1,4:1": 5
    },
    "I-85_U": {
      "f_3:2": 2
    },
    "I-82_U": {
      "f_3:2,4:2": 3,
      "f_3:1,4:1": 5
    },
    "I-47_U": {
      "f_3:2,4:2": 3
    },
    "I-68_U": {
      "f_3:3": 3,
      "f_3:2": 4
    },
    "I-103_U": {
      "f_3:2,4:1": 3,
      "f_3:1,4:1": 4
    },
    "O-130_L": {
      "f_3:3": 3,
      "f_3:2": 4
    },
    "O-173_L": {
      "f_3:3": 3,
      "f_3:2": 4
    }
  },
  "depot": "depot",
  "instants": [
    95,
    96,
    97,
    98,
    99,
    100,
    101,
    102,
    103,
    104,
    105,
    106,
    107,
    108,
    109,
    110,
    111,
    112,
    113,
    114,
    115,
    116,
    117,
    118,
    119,
    120
  ],
  "begin_horizon": 95,
  "end_horizon": 121,
  "earliest_start": {
    "O-133_L": 106,
    "I-162_U": 100,
    "O-138_L": 102,
    "O-51_L": 99,
    "O-53_L": 99,
    "O-97_L": 101,
    "O-34_L": 102,
    "O-35_L": 106,
    "O-56_L": 107,
    "I-203_U": 100,
    "I-119_U": 107,
    "I-139_U": 97,
    "I-7_U": 103,
    "I-132_U": 98,
    "O-161_L": 107,
    "O-141_L": 105,
    "I-175_U": 97,
    "I-36_U": 99,
    "I-4_U": 100,
    "I-14_U": 107,
    "O-84_L": 104,
    "I-190_U": 104,
    "O-83_L": 107,
    "I-85_U": 100,
    "I-82_U": 99,
    "I-47_U": 97,
    "I-68_U": 105,
    "I-103_U": 103,
    "O-130_L": 108,
    "O-173_L": 97
  },
  "latest_start": {
    "O-133_L": 107,
    "I-162_U": 102,
    "O-138_L": 104,
    "O-51_L": 106,
    "O-53_L": 101,
    "O-97_L": 104,
    "O-34_L": 104,
    "O-35_L": 107,
    "O-56_L": 109,
    "I-203_U": 101,
    "I-119_U": 108,
    "I-139_U": 99,
    "I-7_U": 105,
    "I-132_U": 99,
    "O-161_L": 109,
    "O-141_L": 110,
    "I-175_U": 101,
    "I-36_U": 100,
    "I-4_U": 101,
    "I-14_U": 112,
    "O-84_L": 106,
    "I-190_U": 106,
    "O-83_L": 109,
    "I-85_U": 101,
    "I-82_U": 101,
    "I-47_U": 99,
    "I-68_U": 107,
    "I-103_U": 104,
    "O-130_L": 110,
    "O-173_L": 99
  },
  "weights": {
    "O-133_L": 2.0,
    "I-162_U": 1.0,
    "O-138_L": 2.0,
    "O-51_L": 3.0,
    "O-53_L": 2.0,
    "O-97_L": 1.0,
    "O-34_L": 2.0,
    "O-35_L": 2.0,
    "O-56_L": 1.0,
    "I-203_U": 1.0,
    "I-119_U": 2.0,
    "I-139_U": 2.0,
    "I-7_U": 2.0,
    "I-132_U": 2.0,
    "O-161_L": 1.0,
    "O-141_L": 3.0,
    "I-175_U": 3.0,
    "I-36_U": 2.0,
    "I-4_U": 2.0,
    "I-14_U": 3.0,
    "O-84_L": 1.0,
    "I-190_U": 2.0,
    "O-83_L": 2.0,
    "I-85_U": 1.0,
    "I-82_U": 2.0,
    "I-47_U": 2.0,
    "I-68_U": 1.0,
    "I-103_U": 2.0,
    "O-130_L": 1.0,
    "O-173_L": 1.0
  },
  "workers_w_d": {
    "3": 43,
    "4": 20,
    "5": 5
  },
  "earliest_finish": {
    "O-133_L": 109,
    "I-162_U": 102,
    "O-138_L": 105,
    "O-51_L": 106,
    "O-53_L": 102,
    "O-97_L": 104,
    "O-34_L": 105,
    "O-35_L": 109,
    "O-56_L": 110,
    "I-203_U": 103,
    "I-119_U": 110,
    "I-139_U": 100,
    "I-7_U": 106,
    "I-132_U": 101,
    "O-161_L": 110,
    "O-141_L": 110,
    "I-175_U": 102,
    "I-36_U": 102,
    "I-4_U": 103,
    "I-14_U": 113,
    "O-84_L": 107,
    "I-190_U": 107,
    "O-83_L": 110,
    "I-85_U": 102,
    "I-82_U": 102,
    "I-47_U": 100,
    "I-68_U": 108,
    "I-103_U": 106,
    "O-130_L": 111,
    "O-173_L": 100
  },
  "formations": {
    "f_3:2,4:1": {
      "3": 2,
      "4": 1
    },
    "f_3:1,4:1": {
      "3": 1,
      "4": 1
    },
    "f_3:2,4:2": {
      "3": 2,
      "4": 2
    },
    "f_3:1,4:2": {
      "3": 1,
      "4": 2
    },
    "f_3:1,4:1,5:1": {
      "3": 1,
      "4": 1,
      "5": 1
    },
    "f_3:3": {
      "3": 3
    },
    "f_3:2,4:2,5:2": {
      "3": 2,
      "4": 2,
      "5": 2
    },
    "f_3:2": {
      "3": 2
    }
  },
  "modesSpeedID": {
    "O-133_L": {
      "f_3:2,4:2": "f"
    },
    "I-162_U": {
      "f_3:3": "f",
      "f_3:2": "s"
    },
    "O-138_L": {
      "f_3:1,4:1": "s",
      "f_3:1,4:2": "f"
    },
    "O-51_L": {
      "f_3:1,4:1,5:1": "s",
      "f_3:2,4:2,5:2": "f"
    },
    "O-53_L": {
      "f_3:2,4:2": "f"
    },
    "O-97_L": {
      "f_3:3": "f",
      "f_3:2": "s"
    },
    "O-34_L": {
      "f_3:1,4:1": "s",
      "f_3:1,4:2": "f"
    },
    "O-35_L": {
      "f_3:2,4:2": "f"
    },
    "O-56_L": {
      "f_3:3": "f",
      "f_3:2": "s"
    },
    "I-203_U": {
      "f_3:3": "f",
      "f_3:2": "s"
    },
    "I-119_U": {
      "f_3:2,4:2": "f"
    },
    "I-139_U": {
      "f_3:2,4:1": "f",
      "f_3:1,4:1": "s"
    },
    "I-7_U": {
      "f_3:2,4:2": "f"
    },
    "I-132_U": {
      "f_3:2,4:1": "f",
      "f_3:1,4:1": "s"
    },
    "O-161_L": {
      "f_3:3": "f",
      "f_3:2": "s"
    },
    "O-141_L": {
      "f_3:1,4:1,5:1": "s",
      "f_3:2,4:2,5:2": "f"
    },
    "I-175_U": {
      "f_3:2,4:2,5:2": "f"
    },
    "I-36_U": {
      "f_3:2,4:2": "f"
    },
    "I-4_U": {
      "f_3:2,4:2": "f"
    },
    "I-14_U": {
      "f_3:2,4:2,5:2": "f"
    },
    "O-84_L": {
      "f_3:3": "f",
      "f_3:2": "s"
    },
    "I-190_U": {
      "f_3:1,4:1": "s"
    },
    "O-83_L": {
      "f_3:2,4:2": "f",
      "f_3:1,4:1": "s"
    },
    "I-85_U": {
      "f_3:2": "s"
    },
    "I-82_U": {
      "f_3:2,4:2": "f",
      "f_3:1,4:1": "s"
    },
    "I-47_U": {
      "f_3:2,4:2": "f"
    },
    "I-68_U": {
      "f_3:3": "f",
      "f_3:2": "s"
    },
    "I-103_U": {
      "f_3:2,4:1": "f",
      "f_3:1,4:1": "s"
    },
    "O-130_L": {
      "f_3:3": "f",
      "f_3:2": "s"
    },
    "O-173_L": {
      "f_3:3": "f",
      "f_3:2": "s"
    }
  },
  "formations_w_d": {
    "f_3:2,4:1": {
      "3": 3,
      "4": 1
    },
    "f_3:1,4:1": {
      "3": 2,
      "4": 1
    },
    "f_3:2,4:2": {
      "3": 4,
      "4": 2
    },
    "f_3:1,4:2": {
      "3": 3,
      "4": 2
    },
    "f_3:1,4:1,5:1": {
      "3": 3,
      "4": 2,
      "5": 1
    },
    "f_3:3": {
      "3": 3
    },
    "f_3:2,4:2,5:2": {
      "3": 6,
      "4": 4,
      "5": 2
    },
    "f_3:2": {
      "3": 2
    }
  },
  "latest_finish": {
    "O-133_L": 110,
    "I-162_U": 104,
    "O-138_L": 107,
    "O-51_L": 113,
    "O-53_L": 104,
    "O-97_L": 107,
    "O-34_L": 107,
    "O-35_L": 110,
    "O-56_L": 112,
    "I-203_U": 104,
    "I-119_U": 111,
    "I-139_U": 102,
    "I-7_U": 108,
    "I-132_U": 102,
    "O-161_L": 112,
    "O-141_L": 115,
    "I-175_U": 106,
    "I-36_U": 103,
    "I-4_U": 104,
    "I-14_U": 118,
    "O-84_L": 109,
    "I-190_U": 109,
    "O-83_L": 112,
    "I-85_U": 103,
    "I-82_U": 104,
    "I-47_U": 102,
    "I-68_U": 110,
    "I-103_U": 107,
    "O-130_L": 113,
    "O-173_L": 102
  },
  "travel_times": {
    "O-133_L": {
      "O-133_L": 0,
      "I-162_U": 2,
      "depot": 1,
      "O-138_L": 1,
      "O-51_L": 1,
      "O-53_L": 1,
      "O-97_L": 1,
      "O-34_L": 1,
      "O-35_L": 1,
      "O-56_L": 1,
      "I-203_U": 1,
      "I-119_U": 1,
      "I-139_U": 1,
      "I-7_U": 1,
      "I-132_U": 0,
      "O-161_L": 2,
      "O-141_L": 1,
      "I-175_U": 1,
      "I-36_U": 1,
      "I-4_U": 1,
      "I-14_U": 1,
      "O-84_L": 1,
      "I-190_U": 1,
      "O-83_L": 1,
      "I-85_U": 1,
      "I-82_U": 1,
      "I-47_U": 1,
      "I-68_U": 1,
      "I-103_U": 1,
      "O-130_L": 2,
      "O-173_L": 1
    },
    "I-162_U": {
      "O-133_L": 2,
      "I-162_U": 0,
      "depot": 3,
      "O-138_L": 2,
      "O-51_L": 2,
      "O-53_L": 2,
      "O-97_L": 3,
      "O-34_L": 3,
      "O-35_L": 2,
      "O-56_L": 2,
      "I-203_U": 2,
      "I-119_U": 2,
      "I-139_U": 2,
      "I-7_U": 2,
      "I-132_U": 2,
      "O-161_L": 0,
      "O-141_L": 2,
      "I-175_U": 3,
      "I-36_U": 2,
      "I-4_U": 3,
      "I-14_U": 2,
      "O-84_L": 2,
      "I-190_U": 2,
      "O-83_L": 2,
      "I-85_U": 2,
      "I-82_U": 2,
      "I-47_U": 2,
      "I-68_U": 3,
      "I-103_U": 3,
      "O-130_L": 1,
      "O-173_L": 2
    },
    "depot": {
      "O-133_L": 1,
      "I-162_U": 3,
      "O-138_L": 1,
      "O-51_L": 1,
      "O-53_L": 2,
      "O-97_L": 1,
      "O-34_L": 1,
      "O-35_L": 1,
      "O-56_L": 1,
      "I-203_U": 1,
      "I-119_U": 2,
      "I-139_U": 1,
      "I-7_U": 1,
      "I-132_U": 1,
      "O-161_L": 3,
      "O-141_L": 1,
      "I-175_U": 1,
      "I-36_U": 1,
      "I-4_U": 1,
      "I-14_U": 2,
      "O-84_L": 1,
      "I-190_U": 1,
      "O-83_L": 1,
      "I-85_U": 1,
      "I-82_U": 1,
      "I-47_U": 1,
      "I-68_U": 1,
      "I-103_U": 0,
      "O-130_L": 2,
      "O-173_L": 2
    },
    "O-138_L": {
      "O-133_L": 1,
      "I-162_U": 2,
      "depot": 1,
      "O-138_L": 0,
      "O-51_L": 1,
      "O-53_L": 1,
      "O-97_L": 1,
      "O-34_L": 1,
      "O-35_L": 1,
      "O-56_L": 1,
      "I-203_U": 0,
      "I-119_U": 1,
      "I-139_U": 0,
      "I-7_U": 0,
      "I-132_U": 1,
      "O-161_L": 2,
      "O-141_L": 1,
      "I-175_U": 1,
      "I-36_U": 1,
      "I-4_U": 1,
      "I-14_U": 1,
      "O-84_L": 1,
      "I-190_U": 0,
      "O-83_L": 1,
      "I-85_U": 1,
      "I-82_U": 1,
      "I-47_U": 1,
      "I-68_U": 1,
      "I-103_U": 1,
      "O-130_L": 2,
      "O-173_L": 1
    },
    "O-51_L": {
      "O-133_L": 1,
      "I-162_U": 2,
      "depot": 1,
      "O-138_L": 1,
      "O-51_L": 0,
      "O-53_L": 1,
      "O-97_L": 1,
      "O-34_L": 2,
      "O-35_L": 1,
      "O-56_L": 1,
      "I-203_U": 1,
      "I-119_U": 1,
      "I-139_U": 1,
      "I-7_U": 1,
      "I-132_U": 1,
      "O-161_L": 2,
      "O-141_L": 1,
      "I-175_U": 1,
      "I-36_U": 1,
      "I-4_U": 2,
      "I-14_U": 1,
      "O-84_L": 0,
      "I-190_U": 1,
      "O-83_L": 1,
      "I-85_U": 0,
      "I-82_U": 1,
      "I-47_U": 1,
      "I-68_U": 1,
      "I-103_U": 1,
      "O-130_L": 2,
      "O-173_L": 1
    },
    "O-53_L": {
      "O-133_L": 1,
      "I-162_U": 2,
      "depot": 2,
      "O-138_L": 1,
      "O-51_L": 1,
      "O-53_L": 0,
      "O-97_L": 2,
      "O-34_L": 2,
      "O-35_L": 1,
      "O-56_L": 1,
      "I-203_U": 1,
      "I-119_U": 1,
      "I-139_U": 1,
      "I-7_U": 1,
      "I-132_U": 1,
      "O-161_L": 2,
      "O-141_L": 1,
      "I-175_U": 2,
      "I-36_U": 1,
      "I-4_U": 2,
      "I-14_U": 1,
      "O-84_L": 1,
      "I-190_U": 1,
      "O-83_L": 1,
      "I-85_U": 1,
      "I-82_U": 1,
      "I-47_U": 1,
      "I-68_U": 2,
      "I-103_U": 2,
      "O-130_L": 2,
      "O-173_L": 1
    },
    "O-97_L": {
      "O-133_L": 1,
      "I-162_U": 3,
      "depot": 1,
      "O-138_L": 1,
      "O-51_L": 1,
      "O-53_L": 2,
      "O-97_L": 0,
      "O-34_L": 1,
      "O-35_L": 1,
      "O-56_L": 1,
      "I-203_U": 1,
      "I-119_U": 2,
      "I-139_U": 1,
      "I-7_U": 1,
      "I-132_U": 1,
      "O-161_L": 3,
      "O-141_L": 1,
      "I-175_U": 1,
      "I-36_U": 1,
      "I-4_U": 1,
      "I-14_U": 2,
      "O-84_L": 1,
      "I-190_U": 1,
      "O-83_L": 1,
      "I-85_U": 1,
      "I-82_U": 1,
      "I-47_U": 1,
      "I-68_U": 1,
      "I-103_U": 1,
      "O-130_L": 2,
      "O-173_L": 2
    },
    "O-34_L": {
      "O-133_L": 1,
      "I-162_U": 3,
      "depot": 1,
      "O-138_L": 1,
      "O-51_L": 2,
      "O-53_L": 2,
      "O-97_L": 1,
      "O-34_L": 0,
      "O-35_L": 1,
      "O-56_L": 1,
      "I-203_U": 1,
      "I-119_U": 2,
      "I-139_U": 1,
      "I-7_U": 1,
      "I-132_U": 1,
      "O-161_L": 3,
      "O-141_L": 1,
      "I-175_U": 1,
      "I-36_U": 1,
      "I-4_U": 0,
      "I-14_U": 2,
      "O-84_L": 2,
      "I-190_U": 1,
      "O-83_L": 1,
      "I-85_U": 2,
      "I-82_U": 1,
      "I-47_U": 1,
      "I-68_U": 1,
      "I-103_U": 1,
      "O-130_L": 2,
      "O-173_L": 2
    },
    "O-35_L": {
      "O-133_L": 1,
      "I-162_U": 2,
      "depot": 1,
      "O-138_L": 1,
      "O-51_L": 1,
      "O-53_L": 1,
      "O-97_L": 1,
      "O-34_L": 1,
      "O-35_L": 0,
      "O-56_L": 1,
      "I-203_U": 1,
      "I-119_U": 1,
      "I-139_U": 1,
      "I-7_U": 1,
      "I-132_U": 1,
      "O-161_L": 2,
      "O-141_L": 0,
      "I-175_U": 1,
      "I-36_U": 0,
      "I-4_U": 1,
      "I-14_U": 1,
      "O-84_L": 1,
      "I-190_U": 1,
      "O-83_L": 1,
      "I-85_U": 1,
      "I-82_U": 1,
      "I-47_U": 1,
      "I-68_U": 1,
      "I-103_U": 1,
      "O-130_L": 2,
      "O-173_L": 1
    },
    "O-56_L": {
      "O-133_L": 1,
      "I-162_U": 2,
      "depot": 1,
      "O-138_L": 1,
      "O-51_L": 1,
      "O-53_L": 1,
      "O-97_L": 1,
      "O-34_L": 1,
      "O-35_L": 1,
      "O-56_L": 0,
      "I-203_U": 1,
      "I-119_U": 1,
      "I-139_U": 1,
      "I-7_U": 1,
      "I-132_U": 1,
      "O-161_L": 2,
      "O-141_L": 1,
      "I-175_U": 1,
      "I-36_U": 1,
      "I-4_U": 1,
      "I-14_U": 1,
      "O-84_L": 1,
      "I-190_U": 1,
      "O-83_L": 1,
      "I-85_U": 1,
      "I-82_U": 1,
      "I-47_U": 1,
      "I-68_U": 1,
      "I-103_U": 1,
      "O-130_L": 2,
      "O-173_L": 1
    },
    "I-203_U": {
      "O-133_L": 1,
      "I-162_U": 2,
      "depot": 1,
      "O-138_L": 0,
      "O-51_L": 1,
      "O-53_L": 1,
      "O-97_L": 1,
      "O-34_L": 1,
      "O-35_L": 1,
      "O-56_L": 1,
      "I-203_U": 0,
      "I-119_U": 1,
      "I-139_U": 0,
      "I-7_U": 0,
      "I-132_U": 1,
      "O-161_L": 2,
      "O-141_L": 1,
      "I-175_U": 1,
      "I-36_U": 1,
      "I-4_U": 1,
      "I-14_U": 1,
      "O-84_L": 1,
      "I-190_U": 0,
      "O-83_L": 1,
      "I-85_U": 1,
      "I-82_U": 1,
      "I-47_U": 1,
      "I-68_U": 1,
      "I-103_U": 1,
      "O-130_L": 2,
      "O-173_L": 1
    },
    "I-119_U": {
      "O-133_L": 1,
      "I-162_U": 2,
      "depot": 2,
      "O-138_L": 1,
      "O-51_L": 1,
      "O-53_L": 1,
      "O-97_L": 2,
      "O-34_L": 2,
      "O-35_L": 1,
      "O-56_L": 1,
      "I-203_U": 1,
      "I-119_U": 0,
      "I-139_U": 1,
      "I-7_U": 1,
      "I-132_U": 1,
      "O-161_L": 2,
      "O-141_L": 1,
      "I-175_U": 2,
      "I-36_U": 1,
      "I-4_U": 2,
      "I-14_U": 1,
      "O-84_L": 1,
      "I-190_U": 1,
      "O-83_L": 1,
      "I-85_U": 1,
      "I-82_U": 1,
      "I-47_U": 1,
      "I-68_U": 2,
      "I-103_U": 2,
      "O-130_L": 2,
      "O-173_L": 1
    },
    "I-139_U": {
      "O-133_L": 1,
      "I-162_U": 2,
      "depot": 1,
      "O-138_L": 0,
      "O-51_L": 1,
      "O-53_L": 1,
      "O-97_L": 1,
      "O-34_L": 1,
      "O-35_L": 1,
      "O-56_L": 1,
      "I-203_U": 0,
      "I-119_U": 1,
      "I-139_U": 0,
      "I-7_U": 0,
      "I-132_U": 1,
      "O-161_L": 2,
      "O-141_L": 1,
      "I-175_U": 1,
      "I-36_U": 1,
      "I-4_U": 1,
      "I-14_U": 1,
      "O-84_L": 1,
      "I-190_U": 0,
      "O-83_L": 1,
      "I-85_U": 1,
      "I-82_U": 1,
      "I-47_U": 1,
      "I-68_U": 1,
      "I-103_U": 1,
      "O-130_L": 2,
      "O-173_L": 1
    },
    "I-7_U": {
      "O-133_L": 1,
      "I-162_U": 2,
      "depot": 1,
      "O-138_L": 0,
      "O-51_L": 1,
      "O-53_L": 1,
      "O-97_L": 1,
      "O-34_L": 1,
      "O-35_L": 1,
      "O-56_L": 1,
      "I-203_U": 0,
      "I-119_U": 1,
      "I-139_U": 0,
      "I-7_U": 0,
      "I-132_U": 1,
      "O-161_L": 2,
      "O-141_L": 1,
      "I-175_U": 1,
      "I-36_U": 1,
      "I-4_U": 1,
      "I-14_U": 1,
      "O-84_L": 1,
      "I-190_U": 0,
      "O-83_L": 1,
      "I-85_U": 1,
      "I-82_U": 1,
      "I-47_U": 1,
      "I-68_U": 1,
      "I-103_U": 1,
      "O-130_L": 2,
      "O-173_L": 1
    },
    "I-132_U": {
      "O-133_L": 0,
      "I-162_U": 2,
      "depot": 1,
      "O-138_L": 1,
      "O-51_L": 1,
      "O-53_L": 1,
      "O-97_L": 1,
      "O-34_L": 1,
      "O-35_L": 1,
      "O-56_L": 1,
      "I-203_U": 1,
      "I-119_U": 1,
      "I-139_U": 1,
      "I-7_U": 1,
      "I-132_U": 0,
      "O-161_L": 2,
      "O-141_L": 1,
      "I-175_U": 1,
      "I-36_U": 1,
      "I-4_U": 1,
      "I-14_U": 1,
      "O-84_L": 1,
      "I-190_U": 1,
      "O-83_L": 1,
      "I-85_U": 1,
      "I-82_U": 1,
      "I-47_U": 1,
      "I-68_U": 1,
      "I-103_U": 1,
      "O-130_L": 2,
      "O-173_L": 1
    },
    "O-161_L": {
      "O-133_L": 2,
      "I-162_U": 0,
      "depot": 3,
      "O-138_L": 2,
      "O-51_L": 2,
      "O-53_L": 2,
      "O-97_L": 3,
      "O-34_L": 3,
      "O-35_L": 2,
      "O-56_L": 2,
      "I-203_U": 2,
      "I-119_U": 2,
      "I-139_U": 2,
      "I-7_U": 2,
      "I-132_U": 2,
      "O-161_L": 0,
      "O-141_L": 2,
      "I-175_U": 3,
      "I-36_U": 2,
      "I-4_U": 3,
      "I-14_U": 2,
      "O-84_L": 2,
      "I-190_U": 2,
      "O-83_L": 2,
      "I-85_U": 2,
      "I-82_U": 2,
      "I-47_U": 2,
      "I-68_U": 3,
      "I-103_U": 3,
      "O-130_L": 1,
      "O-173_L": 2
    },
    "O-141_L": {
      "O-133_L": 1,
      "I-162_U": 2,
      "depot": 1,
      "O-138_L": 1,
      "O-51_L": 1,
      "O-53_L": 1,
      "O-97_L": 1,
      "O-34_L": 1,
      "O-35_L": 0,
      "O-56_L": 1,
      "I-203_U": 1,
      "I-119_U": 1,
      "I-139_U": 1,
      "I-7_U": 1,
      "I-132_U": 1,
      "O-161_L": 2,
      "O-141_L": 0,
      "I-175_U": 1,
      "I-36_U": 0,
      "I-4_U": 1,
      "I-14_U": 1,
      "O-84_L": 1,
      "I-190_U": 1,
      "O-83_L": 1,
      "I-85_U": 1,
      "I-82_U": 1,
      "I-47_U": 1,
      "I-68_U": 1,
      "I-103_U": 1,
      "O-130_L": 2,
      "O-173_L": 1
    },
    "I-175_U": {
      "O-133_L": 1,
      "I-162_U": 3,
      "depot": 1,
      "O-138_L": 1,
      "O-51_L": 1,
      "O-53_L": 2,
      "O-97_L": 1,
      "O-34_L": 1,
      "O-35_L": 1,
      "O-56_L": 1,
      "I-203_U": 1,
      "I-119_U": 2,
      "I-139_U": 1,
      "I-7_U": 1,
      "I-132_U": 1,
      "O-161_L": 3,
      "O-141_L": 1,
      "I-175_U": 0,
      "I-36_U": 1,
      "I-4_U": 1,
      "I-14_U": 2,
      "O-84_L": 1,
      "I-190_U": 1,
      "O-83_L": 1,
      "I-85_U": 1,
      "I-82_U": 1,
      "I-47_U": 1,
      "I-68_U": 1,
      "I-103_U": 1,
      "O-130_L": 3,
      "O-173_L": 2
    },
    "I-36_U": {
      "O-133_L": 1,
      "I-162_U": 2,
      "depot": 1,
      "O-138_L": 1,
      "O-51_L": 1,
      "O-53_L": 1,
      "O-97_L": 1,
      "O-34_L": 1,
      "O-35_L": 0,
      "O-56_L": 1,
      "I-203_U": 1,
      "I-119_U": 1,
      "I-139_U": 1,
      "I-7_U": 1,
      "I-132_U": 1,
      "O-161_L": 2,
      "O-141_L": 0,
      "I-175_U": 1,
      "I-36_U": 0,
      "I-4_U": 1,
      "I-14_U": 1,
      "O-84_L": 1,
      "I-190_U": 1,
      "O-83_L": 1,
      "I-85_U": 1,
      "I-82_U": 1,
      "I-47_U": 1,
      "I-68_U": 1,
      "I-103_U": 1,
      "O-130_L": 2,
      "O-173_L": 1
    },
    "I-4_U": {
      "O-133_L": 1,
      "I-162_U": 3,
      "depot": 1,
      "O-138_L": 1,
      "O-51_L": 2,
      "O-53_L": 2,
      "O-97_L": 1,
      "O-34_L": 0,
      "O-35_L": 1,
      "O-56_L": 1,
      "I-203_U": 1,
      "I-119_U": 2,
      "I-139_U": 1,
      "I-7_U": 1,
      "I-132_U": 1,
      "O-161_L": 3,
      "O-141_L": 1,
      "I-175_U": 1,
      "I-36_U": 1,
      "I-4_U": 0,
      "I-14_U": 2,
      "O-84_L": 2,
      "I-190_U": 1,
      "O-83_L": 1,
      "I-85_U": 2,
      "I-82_U": 1,
      "I-47_U": 1,
      "I-68_U": 1,
      "I-103_U": 1,
      "O-130_L": 2,
      "O-173_L": 2
    },
    "I-14_U": {
      "O-133_L": 1,
      "I-162_U": 2,
      "depot": 2,
      "O-138_L": 1,
      "O-51_L": 1,
      "O-53_L": 1,
      "O-97_L": 2,
      "O-34_L": 2,
      "O-35_L": 1,
      "O-56_L": 1,
      "I-203_U": 1,
      "I-119_U": 1,
      "I-139_U": 1,
      "I-7_U": 1,
      "I-132_U": 1,
      "O-161_L": 2,
      "O-141_L": 1,
      "I-175_U": 2,
      "I-36_U": 1,
      "I-4_U": 2,
      "I-14_U": 0,
      "O-84_L": 1,
      "I-190_U": 1,
      "O-83_L": 1,
      "I-85_U": 1,
      "I-82_U": 1,
      "I-47_U": 1,
      "I-68_U": 2,
      "I-103_U": 2,
      "O-130_L": 2,
      "O-173_L": 1
    },
    "O-84_L": {
      "O-133_L": 1,
      "I-162_U": 2,
      "depot": 1,
      "O-138_L": 1,
      "O-51_L": 0,
      "O-53_L": 1,
      "O-97_L": 1,
      "O-34_L": 2,
      "O-35_L": 1,
      "O-56_L": 1,
      "I-203_U": 1,
      "I-119_U": 1,
      "I-139_U": 1,
      "I-7_U": 1,
      "I-132_U": 1,
      "O-161_L": 2,
      "O-141_L": 1,
      "I-175_U": 1,
      "I-36_U": 1,
      "I-4_U": 2,
      "I-14_U": 1,
      "O-84_L": 0,
      "I-190_U": 1,
      "O-83_L": 1,
      "I-85_U": 0,
      "I-82_U": 1,
      "I-47_U": 1,
      "I-68_U": 1,
      "I-103_U": 1,
      "O-130_L": 2,
      "O-173_L": 1
    },
    "I-190_U": {
      "O-133_L": 1,
      "I-162_U": 2,
      "depot": 1,
      "O-138_L": 0,
      "O-51_L": 1,
      "O-53_L": 1,
      "O-97_L": 1,
      "O-34_L": 1,
      "O-35_L": 1,
      "O-56_L": 1,
      "I-203_U": 0,
      "I-119_U": 1,
      "I-139_U": 0,
      "I-7_U": 0,
      "I-132_U": 1,
      "O-161_L": 2,
      "O-141_L": 1,
      "I-175_U": 1,
      "I-36_U": 1,
      "I-4_U": 1,
      "I-14_U": 1,
      "O-84_L": 1,
      "I-190_U": 0,
      "O-83_L": 1,
      "I-85_U": 1,
      "I-82_U": 1,
      "I-47_U": 1,
      "I-68_U": 1,
      "I-103_U": 1,
      "O-130_L": 2,
      "O-173_L": 1
    },
    "O-83_L": {
      "O-133_L": 1,
      "I-162_U": 2,
      "depot": 1,
      "O-138_L": 1,
      "O-51_L": 1,
      "O-53_L": 1,
      "O-97_L": 1,
      "O-34_L": 1,
      "O-35_L": 1,
      "O-56_L": 1,
      "I-203_U": 1,
      "I-119_U": 1,
      "I-139_U": 1,
      "I-7_U": 1,
      "I-132_U": 1,
      "O-161_L": 2,
      "O-141_L": 1,
      "I-175_U": 1,
      "I-36_U": 1,
      "I-4_U": 1,
      "I-14_U": 1,
      "O-84_L": 1,
      "I-190_U": 1,
      "O-83_L": 0,
      "I-85_U": 1,
      "I-82_U": 0,
      "I-47_U": 0,
      "I-68_U": 1,
      "I-103_U": 1,
      "O-130_L": 2,
      "O-173_L": 1
    },
    "I-85_U": {
      "O-133_L": 1,
      "I-162_U": 2,
      "depot": 1,
      "O-138_L": 1,
      "O-51_L": 0,
      "O-53_L": 1,
      "O-97_L": 1,
      "O-34_L": 2,
      "O-35_L": 1,
      "O-56_L": 1,
      "I-203_U": 1,
      "I-119_U": 1,
      "I-139_U": 1,
      "I-7_U": 1,
      "I-132_U": 1,
      "O-161_L": 2,
      "O-141_L": 1,
      "I-175_U": 1,
      "I-36_U": 1,
      "I-4_U": 2,
      "I-14_U": 1,
      "O-84_L": 0,
      "I-190_U": 1,
      "O-83_L": 1,
      "I-85_U": 0,
      "I-82_U": 1,
      "I-47_U": 1,
      "I-68_U": 1,
      "I-103_U": 1,
      "O-130_L": 2,
      "O-173_L": 1
    },
    "I-82_U": {
      "O-133_L": 1,
      "I-162_U": 2,
      "depot": 1,
      "O-138_L": 1,
      "O-51_L": 1,
      "O-53_L": 1,
      "O-97_L": 1,
      "O-34_L": 1,
      "O-35_L": 1,
      "O-56_L": 1,
      "I-203_U": 1,
      "I-119_U": 1,
      "I-139_U": 1,
      "I-7_U": 1,
      "I-132_U": 1,
      "O-161_L": 2,
      "O-141_L": 1,
      "I-175_U": 1,
      "I-36_U": 1,
      "I-4_U": 1,
      "I-14_U": 1,
      "O-84_L": 1,
      "I-190_U": 1,
      "O-83_L": 0,
      "I-85_U": 1,
      "I-82_U": 0,
      "I-47_U": 0,
      "I-68_U": 1,
      "I-103_U": 1,
      "O-130_L": 2,
      "O-173_L": 1
    },
    "I-47_U": {
      "O-133_L": 1,
      "I-162_U": 2,
      "depot": 1,
      "O-138_L": 1,
      "O-51_L": 1,
      "O-53_L": 1,
      "O-97_L": 1,
      "O-34_L": 1,
      "O-35_L": 1,
      "O-56_L": 1,
      "I-203_U": 1,
      "I-119_U": 1,
      "I-139_U": 1,
      "I-7_U": 1,
      "I-132_U": 1,
      "O-161_L": 2,
      "O-141_L": 1,
      "I-175_U": 1,
      "I-36_U": 1,
      "I-4_U": 1,
      "I-14_U": 1,
      "O-84_L": 1,
      "I-190_U": 1,
      "O-83_L": 0,
      "I-85_U": 1,
      "I-82_U": 0,
      "I-47_U": 0,
      "I-68_U": 1,
      "I-103_U": 1,
      "O-130_L": 2,
      "O-173_L": 1
    },
    "I-68_U": {
      "O-133_L": 1,
      "I-162_U": 3,
      "depot": 1,
      "O-138_L": 1,
      "O-51_L": 1,
      "O-53_L": 2,
      "O-97_L": 1,
      "O-34_L": 1,
      "O-35_L": 1,
      "O-56_L": 1,
      "I-203_U": 1,
      "I-119_U": 2,
      "I-139_U": 1,
      "I-7_U": 1,
      "I-132_U": 1,
      "O-161_L": 3,
      "O-141_L": 1,
      "I-175_U": 1,
      "I-36_U": 1,
      "I-4_U": 1,
      "I-14_U": 2,
      "O-84_L": 1,
      "I-190_U": 1,
      "O-83_L": 1,
      "I-85_U": 1,
      "I-82_U": 1,
      "I-47_U": 1,
      "I-68_U": 0,
      "I-103_U": 1,
      "O-130_L": 3,
      "O-173_L": 2
    },
    "I-103_U": {
      "O-133_L": 1,
      "I-162_U": 3,
      "depot": 0,
      "O-138_L": 1,
      "O-51_L": 1,
      "O-53_L": 2,
      "O-97_L": 1,
      "O-34_L": 1,
      "O-35_L": 1,
      "O-56_L": 1,
      "I-203_U": 1,
      "I-119_U": 2,
      "I-139_U": 1,
      "I-7_U": 1,
      "I-132_U": 1,
      "O-161_L": 3,
      "O-141_L": 1,
      "I-175_U": 1,
      "I-36_U": 1,
      "I-4_U": 1,
      "I-14_U": 2,
      "O-84_L": 1,
      "I-190_U": 1,
      "O-83_L": 1,
      "I-85_U": 1,
      "I-82_U": 1,
      "I-47_U": 1,
      "I-68_U": 1,
      "I-103_U": 0,
      "O-130_L": 2,
      "O-173_L": 2
    },
    "O-130_L": {
      "O-133_L": 2,
      "I-162_U": 1,
      "depot": 2,
      "O-138_L": 2,
      "O-51_L": 2,
      "O-53_L": 2,
      "O-97_L": 2,
      "O-34_L": 2,
      "O-35_L": 2,
      "O-56_L": 2,
      "I-203_U": 2,
      "I-119_U": 2,
      "I-139_U": 2,
      "I-7_U": 2,
      "I-132_U": 2,
      "O-161_L": 1,
      "O-141_L": 2,
      "I-175_U": 3,
      "I-36_U": 2,
      "I-4_U": 2,
      "I-14_U": 2,
      "O-84_L": 2,
      "I-190_U": 2,
      "O-83_L": 2,
      "I-85_U": 2,
      "I-82_U": 2,
      "I-47_U": 2,
      "I-68_U": 3,
      "I-103_U": 2,
      "O-130_L": 0,
      "O-173_L": 2
    },
    "O-173_L": {
      "O-133_L": 1,
      "I-162_U": 2,
      "depot": 2,
      "O-138_L": 1,
      "O-51_L": 1,
      "O-53_L": 1,
      "O-97_L": 2,
      "O-34_L": 2,
      "O-35_L": 1,
      "O-56_L": 1,
      "I-203_U": 1,
      "I-119_U": 1,
      "I-139_U": 1,
      "I-7_U": 1,
      "I-132_U": 1,
      "O-161_L": 2,
      "O-141_L": 1,
      "I-175_U": 2,
      "I-36_U": 1,
      "I-4_U": 2,
      "I-14_U": 1,
      "O-84_L": 1,
      "I-190_U": 1,
      "O-83_L": 1,
      "I-85_U": 1,
      "I-82_U": 1,
      "I-47_U": 1,
      "I-68_U": 2,
      "I-103_U": 2,
      "O-130_L": 2,
      "O-173_L": 0
    }
  },
  "workers": {
    "3": 23,
    "4": 15,
    "5": 5
  },
  "tasks": [
    "I-4_U",
    "I-7_U",
    "I-14_U",
    "O-34_L",
    "I-36_U",
    "O-35_L",
    "I-47_U",
    "O-51_L",
    "O-53_L",
    "O-56_L",
    "I-68_U",
    "O-83_L",
    "I-82_U",
    "I-85_U",
    "O-84_L",
    "O-97_L",
    "I-103_U",
    "I-119_U",
    "O-130_L",
    "O-133_L",
    "I-132_U",
    "I-139_U",
    "O-138_L",
    "O-141_L",
    "I-162_U",
    "O-161_L",
    "O-173_L",
    "I-175_U",
    "I-190_U",
    "I-203_U"
  ],
  "skill_levels": [
    3,
    4,
    5
  ]
}