{
  "tasks_per_formation": {
    "f_3:2,4:1": [
      "O-19_L",
      "O-40_L",
      "O-34_L",
      "I-35_U"
    ],
    "f_3:1,4:1": [
      "I-41_U",
      "O-78_L"
    ],
    "f_3:1,4:1,5:1": [
      "I-31_U"
    ],
    "f_3:3": [
      "I-1_U"
    ],
    "f_3:2": [
      "I-9_U",
      "I-39_U",
      "O-65_L",
      "O-10_L",
      "O-2_L"
    ],
    "f_3:2,4:1,5:1": [
      "I-60_U",
      "I-42_U"
    ]
  },
  "modes": {
    "I-39_U": {
      "f_3:2": 4
    },
    "O-40_L": {
      "f_3:2,4:1": 5
    },
    "O-65_L": {
      "f_3:2": 2
    },
    "O-10_L": {
      "f_3:2": 3
    },
    "O-34_L": {
      "f_3:2,4:1": 4
    },
    "O-78_L": {
      "f_3:1,4:1": 4
    },
    "O-2_L": {
      "f_3:2": 4
    },
    "I-9_U": {
      "f_3:2": 4
    },
    "I-60_U": {
      "f_3:2,4:1,5:1": 8
    },
    "O-19_L": {
      "f_3:2,4:1": 5
    },
    "I-41_U": {
      "f_3:1,4:1": 5
    },
    "I-1_U": {
      "f_3:3": 3
    },
    "I-31_U": {
      "f_3:1,4:1,5:1": 6
    },
    "I-42_U": {
      "f_3:2,4:1,5:1": 8
    },
    "I-35_U": {
      "f_3:2,4:1": 4
    }
  },
  "depot": "depot",
  "instants": [
    95,
    96,
    97,
    98,
    99,
    100,
    101,
    102,
    103,
    104,
    105,
    106,
    107,
    108,
    109,
    110,
    111,
    112,
    113,
    114,
    115,
    116,
    117,
    118,
    119
  ],
  "begin_horizon": 95,
  "end_horizon": 120,
  "earliest_start": {
    "I-39_U": 104,
    "O-40_L": 110,
    "O-65_L": 103,
    "O-10_L": 108,
    "O-34_L": 112,
    "O-78_L": 109,
    "O-2_L": 108,
    "I-9_U": 102,
    "I-60_U": 101,
    "O-19_L": 98,
    "I-41_U": 104,
    "I-1_U": 105,
    "I-31_U": 106,
    "I-42_U": 99,
    "I-35_U": 98
  },
  "latest_start": {
    "I-39_U": 104,
    "O-40_L": 110,
    "O-65_L": 105,
    "O-10_L": 109,
    "O-34_L": 112,
    "O-78_L": 109,
    "O-2_L": 108,
    "I-9_U": 103,
    "I-60_U": 102,
    "O-19_L": 98,
    "I-41_U": 105,
    "I-1_U": 105,
    "I-31_U": 107,
    "I-42_U": 99,
    "I-35_U": 99
  },
  "weights": {
    "I-39_U": 1.0,
    "O-40_L": 2.0,
    "O-65_L": 1.0,
    "O-10_L": 1.0,
    "O-34_L": 2.0,
    "O-78_L": 2.0,
    "O-2_L": 1.0,
    "I-9_U": 1.0,
    "I-60_U": 3.0,
    "O-19_L": 2.0,
    "I-41_U": 2.0,
    "I-1_U": 1.0,
    "I-31_U": 3.0,
    "I-42_U": 3.0,
    "I-35_U": 2.0
  },
  "workers_w_d": {
    "3": 14,
    "4": 5,
    "5": 2
  },
  "earliest_finish": {
    "I-39_U": 108,
    "O-40_L": 115,
    "O-65_L": 105,
    "O-10_L": 111,
    "O-34_L": 116,
    "O-78_L": 113,
    "O-2_L": 112,
    "I-9_U": 106,
    "I-60_U": 109,
    "O-19_L": 103,
    "I-41_U": 109,
    "I-1_U": 108,
    "I-31_U": 112,
    "I-42_U": 107,
    "I-35_U": 102
  },
  "formations": {
    "f_3:2,4:1": {
      "3": 2,
      "4": 1
    },
    "f_3:1,4:1": {
      "3": 1,
      "4": 1
    },
    "f_3:1,4:1,5:1": {
      "3": 1,
      "4": 1,
      "5": 1
    },
    "f_3:3": {
      "3": 3
    },
    "f_3:2": {
      "3": 2
    },
    "f_3:2,4:1,5:1": {
      "3": 2,
      "4": 1,
      "5": 1
    }
  },
  "modesSpeedID": {
    "I-39_U": {
      "f_3:2": "s"
    },
    "O-40_L": {
      "f_3:2,4:1": "i"
    },
    "O-65_L": {
      "f_3:2": "s"
    },
    "O-10_L": {
      "f_3:2": "s"
    },
    "O-34_L": {
      "f_3:2,4:1": "i"
    },
    "O-78_L": {
      "f_3:1,4:1": "s"
    },
    "O-2_L": {
      "f_3:2": "s"
    },
    "I-9_U": {
      "f_3:2": "s"
    },
    "I-60_U": {
      "f_3:2,4:1,5:1": "i"
    },
    "O-19_L": {
      "f_3:2,4:1": "i"
    },
    "I-41_U": {
      "f_3:1,4:1": "s"
    },
    "I-1_U": {
      "f_3:3": "f"
    },
    "I-31_U": {
      "f_3:1,4:1,5:1": "s"
    },
    "I-42_U": {
      "f_3:2,4:1,5:1": "i"
    },
    "I-35_U": {
      "f_3:2,4:1": "i"
    }
  },
  "formations_w_d": {
    "f_3:2,4:1": {
      "3": 3,
      "4": 1
    },
    "f_3:1,4:1": {
      "3": 2,
      "4": 1
    },
    "f_3:1,4:1,5:1": {
      "3": 3,
      "4": 2,
      "5": 1
    },
    "f_3:3": {
      "3": 3
    },
    "f_3:2": {
      "3": 2
    },
    "f_3:2,4:1,5:1": {
      "3": 4,
      "4": 2,
      "5": 1
    }
  },
  "latest_finish": {
    "I-39_U": 108,
    "O-40_L": 115,
    "O-65_L": 107,
    "O-10_L": 112,
    "O-34_L": 116,
    "O-78_L": 113,
    "O-2_L": 112,
    "I-9_U": 107,
    "I-60_U": 110,
    "O-19_L": 103,
    "I-41_U": 110,
    "I-1_U": 108,
    "I-31_U": 113,
    "I-42_U": 107,
    "I-35_U": 103
  },
  "travel_times": {
    "I-39_U": {
      "I-39_U": 0,
      "depot": 1,
      "O-40_L": 1,
      "O-65_L": 1,
      "O-10_L": 1,
      "O-34_L": 2,
      "O-78_L": 1,
      "O-2_L": 1,
      "I-9_U": 1,
      "I-60_U": 1,
      "O-19_L": 1,
      "I-41_U": 1,
      "I-1_U": 1,
      "I-31_U": 1,
      "I-42_U": 1,
      "I-35_U": 2
    },
    "depot": {
      "I-39_U": 1,
      "O-40_L": 1,
      "O-65_L": 2,
      "O-10_L": 1,
      "O-34_L": 3,
      "O-78_L": 1,
      "O-2_L": 2,
      "I-9_U": 1,
      "I-60_U": 1,
      "O-19_L": 1,
      "I-41_U": 1,
      "I-1_U": 2,
      "I-31_U": 1,
      "I-42_U": 1,
      "I-35_U": 3
    },
    "O-40_L": {
      "I-39_U": 1,
      "depot": 1,
      "O-40_L": 0,
      "O-65_L": 1,
      "O-10_L": 1,
      "O-34_L": 2,
      "O-78_L": 1,
      "O-2_L": 1,
      "I-9_U": 1,
      "I-60_U": 1,
      "O-19_L": 1,
      "I-41_U": 0,
      "I-1_U": 1,
      "I-31_U": 1,
      "I-42_U": 1,
      "I-35_U": 2
    },
    "O-65_L": {
      "I-39_U": 1,
      "depot": 2,
      "O-40_L": 1,
      "O-65_L": 0,
      "O-10_L": 2,
      "O-34_L": 2,
      "O-78_L": 1,
      "O-2_L": 0,
      "I-9_U": 2,
      "I-60_U": 1,
      "O-19_L": 1,
      "I-41_U": 1,
      "I-1_U": 0,
      "I-31_U": 1,
      "I-42_U": 2,
      "I-35_U": 2
    },
    "O-10_L": {
      "I-39_U": 1,
      "depot": 1,
      "O-40_L": 1,
      "O-65_L": 2,
      "O-10_L": 0,
      "O-34_L": 3,
      "O-78_L": 2,
      "O-2_L": 2,
      "I-9_U": 0,
      "I-60_U": 2,
      "O-19_L": 1,
      "I-41_U": 1,
      "I-1_U": 2,
      "I-31_U": 2,
      "I-42_U": 1,
      "I-35_U": 3
    },
    "O-34_L": {
      "I-39_U": 2,
      "depot": 3,
      "O-40_L": 2,
      "O-65_L": 2,
      "O-10_L": 3,
      "O-34_L": 0,
      "O-78_L": 2,
      "O-2_L": 2,
      "I-9_U": 3,
      "I-60_U": 2,
      "O-19_L": 2,
      "I-41_U": 2,
      "I-1_U": 2,
      "I-31_U": 2,
      "I-42_U": 3,
      "I-35_U": 0
    },
    "O-78_L": {
      "I-39_U": 1,
      "depot": 1,
      "O-40_L": 1,
      "O-65_L": 1,
      "O-10_L": 2,
      "O-34_L": 2,
      "O-78_L": 0,
      "O-2_L": 1,
      "I-9_U": 2,
      "I-60_U": 1,
      "O-19_L": 1,
      "I-41_U": 1,
      "I-1_U": 1,
      "I-31_U": 1,
      "I-42_U": 1,
      "I-35_U": 2
    },
    "O-2_L": {
      "I-39_U": 1,
      "depot": 2,
      "O-40_L": 1,
      "O-65_L": 0,
      "O-10_L": 2,
      "O-34_L": 2,
      "O-78_L": 1,
      "O-2_L": 0,
      "I-9_U": 2,
      "I-60_U": 1,
      "O-19_L": 1,
      "I-41_U": 1,
      "I-1_U": 0,
      "I-31_U": 1,
      "I-42_U": 2,
      "I-35_U": 2
    },
    "I-9_U": {
      "I-39_U": 1,
      "depot": 1,
      "O-40_L": 1,
      "O-65_L": 2,
      "O-10_L": 0,
      "O-34_L": 3,
      "O-78_L": 2,
      "O-2_L": 2,
      "I-9_U": 0,
      "I-60_U": 2,
      "O-19_L": 1,
      "I-41_U": 1,
      "I-1_U": 2,
      "I-31_U": 2,
      "I-42_U": 1,
      "I-35_U": 3
    },
    "I-60_U": {
      "I-39_U": 1,
      "depot": 1,
      "O-40_L": 1,
      "O-65_L": 1,
      "O-10_L": 2,
      "O-34_L": 2,
      "O-78_L": 1,
      "O-2_L": 1,
      "I-9_U": 2,
      "I-60_U": 0,
      "O-19_L": 1,
      "I-41_U": 1,
      "I-1_U": 1,
      "I-31_U": 0,
      "I-42_U": 1,
      "I-35_U": 2
    },
    "O-19_L": {
      "I-39_U": 1,
      "depot": 1,
      "O-40_L": 1,
      "O-65_L": 1,
      "O-10_L": 1,
      "O-34_L": 2,
      "O-78_L": 1,
      "O-2_L": 1,
      "I-9_U": 1,
      "I-60_U": 1,
      "O-19_L": 0,
      "I-41_U": 1,
      "I-1_U": 1,
      "I-31_U": 1,
      "I-42_U": 1,
      "I-35_U": 2
    },
    "I-41_U": {
      "I-39_U": 1,
      "depot": 1,
      "O-40_L": 0,
      "O-65_L": 1,
      "O-10_L": 1,
      "O-34_L": 2,
      "O-78_L": 1,
      "O-2_L": 1,
      "I-9_U": 1,
      "I-60_U": 1,
      "O-19_L": 1,
      "I-41_U": 0,
      "I-1_U": 1,
      "I-31_U": 1,
      "I-42_U": 1,
      "I-35_U": 2
    },
    "I-1_U": {
      "I-39_U": 1,
      "depot": 2,
      "O-40_L": 1,
      "O-65_L": 0,
      "O-10_L": 2,
      "O-34_L": 2,
      "O-78_L": 1,
      "O-2_L": 0,
      "I-9_U": 2,
      "I-60_U": 1,
      "O-19_L": 1,
      "I-41_U": 1,
      "I-1_U": 0,
      "I-31_U": 1,
      "I-42_U": 2,
      "I-35_U": 2
    },
    "I-31_U": {
      "I-39_U": 1,
      "depot": 1,
      "O-40_L": 1,
      "O-65_L": 1,
      "O-10_L": 2,
      "O-34_L": 2,
      "O-78_L": 1,
      "O-2_L": 1,
      "I-9_U": 2,
      "I-60_U": 0,
      "O-19_L": 1,
      "I-41_U": 1,
      "I-1_U": 1,
      "I-31_U": 0,
      "I-42_U": 1,
      "I-35_U": 2
    },
    "I-42_U": {
      "I-39_U": 1,
      "depot": 1,
      "O-40_L": 1,
      "O-65_L": 2,
      "O-10_L": 1,
      "O-34_L": 3,
      "O-78_L": 1,
      "O-2_L": 2,
      "I-9_U": 1,
      "I-60_U": 1,
      "O-19_L": 1,
      "I-41_U": 1,
      "I-1_U": 2,
      "I-31_U": 1,
      "I-42_U": 0,
      "I-35_U": 3
    },
    "I-35_U": {
      "I-39_U": 2,
      "depot": 3,
      "O-40_L": 2,
      "O-65_L": 2,
      "O-10_L": 3,
      "O-34_L": 0,
      "O-78_L": 2,
      "O-2_L": 2,
      "I-9_U": 3,
      "I-60_U": 2,
      "O-19_L": 2,
      "I-41_U": 2,
      "I-1_U": 2,
      "I-31_U": 2,
      "I-42_U": 3,
      "I-35_U": 0
    }
  },
  "workers": {
    "3": 9,
    "4": 3,
    "5": 2
  },
  "tasks": [
    "O-2_L",
    "I-1_U",
    "I-9_U",
    "O-10_L",
    "O-19_L",
    "I-31_U",
    "I-35_U",
    "O-34_L",
    "I-39_U",
    "O-40_L",
    "I-41_U",
    "I-42_U",
    "I-60_U",
    "O-65_L",
    "O-78_L"
  ],
  "skill_levels": [
    3,
    4,
    5
  ]
}