{
  "tasks_per_formation": {
    "f_3:2,4:1": [
      "I-194_U",
      "I-184_U",
      "O-280_L",
      "O-77_L",
      "O-98_L",
      "O-74_L",
      "O-4_L",
      "I-110_U",
      "O-117_L",
      "I-175_U",
      "I-25_U",
      "I-196_U",
      "O-111_L",
      "O-174_L"
    ],
    "f_3:1,4:1": [
      "I-194_U",
      "I-184_U",
      "O-280_L",
      "O-77_L",
      "O-98_L",
      "O-203_L",
      "O-212_L",
      "I-268_U",
      "O-4_L",
      "I-110_U",
      "O-117_L",
      "I-25_U",
      "O-185_L",
      "I-196_U",
      "O-174_L"
    ],
    "f_3:2,4:2": [
      "I-194_U",
      "I-110_U",
      "O-117_L",
      "O-74_L",
      "I-175_U",
      "I-25_U",
      "O-111_L",
      "O-174_L"
    ],
    "f_3:1,4:2": [
      "O-212_L"
    ],
    "f_3:1,4:1,5:1": [
      "O-10_L",
      "O-310_L"
    ],
    "f_3:3": [
      "I-18_U",
      "I-210_U",
      "I-225_U",
      "I-255_U",
      "O-355_L"
    ],
    "f_3:2,4:2,5:2": [
      "O-10_L",
      "O-21_L",
      "I-158_U",
      "I-103_U",
      "O-310_L"
    ],
    "f_3:2,4:1,5:1": [
      "O-10_L",
      "O-21_L",
      "I-158_U",
      "I-103_U",
      "O-310_L"
    ],
    "f_3:2": [
      "I-18_U",
      "I-281_U",
      "I-210_U",
      "I-255_U",
      "O-355_L"
    ]
  },
  "modes": {
    "I-184_U": {
      "f_3:2,4:1": 2,
      "f_3:1,4:1": 3
    },
    "O-280_L": {
      "f_3:2,4:1": 3,
      "f_3:1,4:1": 4
    },
    "O-77_L": {
      "f_3:2,4:1": 3,
      "f_3:1,4:1": 5
    },
    "O-98_L": {
      "f_3:2,4:1": 3,
      "f_3:1,4:1": 5
    },
    "O-10_L": {
      "f_3:1,4:1,5:1": 9,
      "f_3:2,4:2,5:2": 5,
      "f_3:2,4:1,5:1": 8
    },
    "O-74_L": {
      "f_3:2,4:1": 4,
      "f_3:2,4:2": 3
    },
    "O-212_L": {
      "f_3:1,4:1": 4,
      "f_3:1,4:2": 3
    },
    "I-268_U": {
      "f_3:1,4:1": 3
    },
    "I-225_U": {
      "f_3:3": 5
    },
    "I-110_U": {
      "f_3:2,4:1": 4,
      "f_3:2,4:2": 3,
      "f_3:1,4:1": 5
    },
    "I-158_U": {
      "f_3:2,4:2,5:2": 5,
      "f_3:2,4:1,5:1": 7
    },
    "I-175_U": {
      "f_3:2,4:1": 4,
      "f_3:2,4:2": 3
    },
    "O-310_L": {
      "f_3:1,4:1,5:1": 12,
      "f_3:2,4:2,5:2": 7,
      "f_3:2,4:1,5:1": 10
    },
    "O-185_L": {
      "f_3:1,4:1": 2
    },
    "I-196_U": {
      "f_3:2,4:1": 2,
      "f_3:1,4:1": 3
    },
    "O-355_L": {
      "f_3:3": 3,
      "f_3:2": 5
    },
    "I-194_U": {
      "f_3:2,4:1": 5,
      "f_3:2,4:2": 3,
      "f_3:1,4:1": 6
    },
    "I-18_U": {
      "f_3:3": 3,
      "f_3:2": 4
    },
    "O-203_L": {
      "f_3:1,4:1": 3
    },
    "O-21_L": {
      "f_3:2,4:2,5:2": 6,
      "f_3:2,4:1,5:1": 10
    },
    "I-210_U": {
      "f_3:3": 3,
      "f_3:2": 4
    },
    "O-4_L": {
      "f_3:2,4:1": 3,
      "f_3:1,4:1": 4
    },
    "I-255_U": {
      "f_3:3": 3,
      "f_3:2": 5
    },
    "I-281_U": {
      "f_3:2": 2
    },
    "O-117_L": {
      "f_3:2,4:1": 4,
      "f_3:2,4:2": 3,
      "f_3:1,4:1": 5
    },
    "I-103_U": {
      "f_3:2,4:2,5:2": 7,
      "f_3:2,4:1,5:1": 11
    },
    "I-25_U": {
      "f_3:2,4:1": 4,
      "f_3:2,4:2": 3,
      "f_3:1,4:1": 5
    },
    "O-111_L": {
      "f_3:2,4:1": 4,
      "f_3:2,4:2": 3
    },
    "O-174_L": {
      "f_3:2,4:1": 5,
      "f_3:2,4:2": 3,
      "f_3:1,4:1": 6
    }
  },
  "depot": "depot",
  "instants": [
    94,
    95,
    96,
    97,
    98,
    99,
    100,
    101,
    102,
    103,
    104,
    105,
    106,
    107,
    108,
    109,
    110,
    111,
    112,
    113,
    114,
    115,
    116,
    117,
    118,
    119,
    120,
    121
  ],
  "begin_horizon": 94,
  "end_horizon": 122,
  "earliest_start": {
    "I-184_U": 101,
    "O-280_L": 107,
    "O-77_L": 105,
    "O-98_L": 106,
    "O-10_L": 106,
    "O-74_L": 97,
    "O-212_L": 99,
    "I-268_U": 107,
    "I-225_U": 105,
    "I-110_U": 105,
    "I-158_U": 107,
    "I-175_U": 96,
    "O-310_L": 107,
    "O-185_L": 104,
    "I-196_U": 108,
    "O-355_L": 101,
    "I-194_U": 104,
    "I-18_U": 106,
    "O-203_L": 102,
    "O-21_L": 98,
    "I-210_U": 98,
    "O-4_L": 103,
    "I-255_U": 100,
    "I-281_U": 98,
    "O-117_L": 102,
    "I-103_U": 106,
    "I-25_U": 105,
    "O-111_L": 100,
    "O-174_L": 105
  },
  "latest_start": {
    "I-184_U": 102,
    "O-280_L": 108,
    "O-77_L": 107,
    "O-98_L": 109,
    "O-10_L": 110,
    "O-74_L": 99,
    "O-212_L": 102,
    "I-268_U": 109,
    "I-225_U": 106,
    "I-110_U": 107,
    "I-158_U": 110,
    "I-175_U": 98,
    "O-310_L": 113,
    "O-185_L": 105,
    "I-196_U": 110,
    "O-355_L": 104,
    "I-194_U": 107,
    "I-18_U": 108,
    "O-203_L": 104,
    "O-21_L": 103,
    "I-210_U": 100,
    "O-4_L": 104,
    "I-255_U": 103,
    "I-281_U": 100,
    "O-117_L": 104,
    "I-103_U": 111,
    "I-25_U": 107,
    "O-111_L": 102,
    "O-174_L": 108
  },
  "weights": {
    "I-184_U": 2.0,
    "O-280_L": 2.0,
    "O-77_L": 2.0,
    "O-98_L": 2.0,
    "O-10_L": 3.0,
    "O-74_L": 2.0,
    "O-212_L": 2.0,
    "I-268_U": 2.0,
    "I-225_U": 3.0,
    "I-110_U": 2.0,
    "I-158_U": 3.0,
    "I-175_U": 2.0,
    "O-310_L": 3.0,
    "O-185_L": 2.0,
    "I-196_U": 2.0,
    "O-355_L": 1.0,
    "I-194_U": 2.0,
    "I-18_U": 1.0,
    "O-203_L": 2.0,
    "O-21_L": 4.0,
    "I-210_U": 1.0,
    "O-4_L": 2.0,
    "I-255_U": 2.0,
    "I-281_U": 2.0,
    "O-117_L": 2.0,
    "I-103_U": 3.0,
    "I-25_U": 2.0,
    "O-111_L": 2.0,
    "O-174_L": 2.0
  },
  "workers_w_d": {
    "3": 24,
    "4": 11,
    "5": 3
  },
  "earliest_finish": {
    "I-184_U": 103,
    "O-280_L": 110,
    "O-77_L": 108,
    "O-98_L": 109,
    "O-10_L": 111,
    "O-74_L": 100,
    "O-212_L": 102,
    "I-268_U": 110,
    "I-225_U": 110,
    "I-110_U": 108,
    "I-158_U": 112,
    "I-175_U": 99,
    "O-310_L": 114,
    "O-185_L": 106,
    "I-196_U": 110,
    "O-355_L": 104,
    "I-194_U": 107,
    "I-18_U": 109,
    "O-203_L": 105,
    "O-21_L": 104,
    "I-210_U": 101,
    "O-4_L": 106,
    "I-255_U": 103,
    "I-281_U": 100,
    "O-117_L": 105,
    "I-103_U": 113,
    "I-25_U": 108,
    "O-111_L": 103,
    "O-174_L": 108
  },
  "formations": {
    "f_3:2,4:1": {
      "3": 2,
      "4": 1
    },
    "f_3:1,4:1": {
      "3": 1,
      "4": 1
    },
    "f_3:2,4:2": {
      "3": 2,
      "4": 2
    },
    "f_3:1,4:2": {
      "3": 1,
      "4": 2
    },
    "f_3:1,4:1,5:1": {
      "3": 1,
      "4": 1,
      "5": 1
    },
    "f_3:3": {
      "3": 3
    },
    "f_3:2,4:2,5:2": {
      "3": 2,
      "4": 2,
      "5": 2
    },
    "f_3:2,4:1,5:1": {
      "3": 2,
      "4": 1,
      "5": 1
    },
    "f_3:2": {
      "3": 2
    }
  },
  "modesSpeedID": {
    "I-184_U": {
      "f_3:2,4:1": "f",
      "f_3:1,4:1": "s"
    },
    "O-280_L": {
      "f_3:2,4:1": "f",
      "f_3:1,4:1": "s"
    },
    "O-77_L": {
      "f_3:2,4:1": "i",
      "f_3:1,4:1": "s"
    },
    "O-98_L": {
      "f_3:2,4:1": "f",
      "f_3:1,4:1": "s"
    },
    "O-10_L": {
      "f_3:1,4:1,5:1": "s",
      "f_3:2,4:2,5:2": "f",
      "f_3:2,4:1,5:1": "i"
    },
    "O-74_L": {
      "f_3:2,4:1": "i",
      "f_3:2,4:2": "f"
    },
    "O-212_L": {
      "f_3:1,4:1": "s",
      "f_3:1,4:2": "f"
    },
    "I-268_U": {
      "f_3:1,4:1": "s"
    },
    "I-225_U": {
      "f_3:3": "f"
    },
    "I-110_U": {
      "f_3:2,4:1": "i",
      "f_3:2,4:2": "f",
      "f_3:1,4:1": "s"
    },
    "I-158_U": {
      "f_3:2,4:2,5:2": "f",
      "f_3:2,4:1,5:1": "i"
    },
    "I-175_U": {
      "f_3:2,4:1": "i",
      "f_3:2,4:2": "f"
    },
    "O-310_L": {
      "f_3:1,4:1,5:1": "s",
      "f_3:2,4:2,5:2": "f",
      "f_3:2,4:1,5:1": "i"
    },
    "O-185_L": {
      "f_3:1,4:1": "s"
    },
    "I-196_U": {
      "f_3:2,4:1": "f",
      "f_3:1,4:1": "s"
    },
    "O-355_L": {
      "f_3:3": "f",
      "f_3:2": "s"
    },
    "I-194_U": {
      "f_3:2,4:1": "i",
      "f_3:2,4:2": "f",
      "f_3:1,4:1": "s"
    },
    "I-18_U": {
      "f_3:3": "f",
      "f_3:2": "s"
    },
    "O-203_L": {
      "f_3:1,4:1": "s"
    },
    "O-21_L": {
      "f_3:2,4:2,5:2": "f",
      "f_3:2,4:1,5:1": "i"
    },
    "I-210_U": {
      "f_3:3": "f",
      "f_3:2": "s"
    },
    "O-4_L": {
      "f_3:2,4:1": "f",
      "f_3:1,4:1": "s"
    },
    "I-255_U": {
      "f_3:3": "f",
      "f_3:2": "s"
    },
    "I-281_U": {
      "f_3:2": "s"
    },
    "O-117_L": {
      "f_3:2,4:1": "i",
      "f_3:2,4:2": "f",
      "f_3:1,4:1": "s"
    },
    "I-103_U": {
      "f_3:2,4:2,5:2": "f",
      "f_3:2,4:1,5:1": "i"
    },
    "I-25_U": {
      "f_3:2,4:1": "i",
      "f_3:2,4:2": "f",
      "f_3:1,4:1": "s"
    },
    "O-111_L": {
      "f_3:2,4:1": "i",
      "f_3:2,4:2": "f"
    },
    "O-174_L": {
      "f_3:2,4:1": "i",
      "f_3:2,4:2": "f",
      "f_3:1,4:1": "s"
    }
  },
  "formations_w_d": {
    "f_3:2,4:1": {
      "3": 3,
      "4": 1
    },
    "f_3:1,4:1": {
      "3": 2,
      "4": 1
    },
    "f_3:2,4:2": {
      "3": 4,
      "4": 2
    },
    "f_3:1,4:2": {
      "3": 3,
      "4": 2
    },
    "f_3:1,4:1,5:1": {
      "3": 3,
      "4": 2,
      "5": 1
    },
    "f_3:3": {
      "3": 3
    },
    "f_3:2,4:2,5:2": {
      "3": 6,
      "4": 4,
      "5": 2
    },
    "f_3:2,4:1,5:1": {
      "3": 4,
      "4": 2,
      "5": 1
    },
    "f_3:2": {
      "3": 2
    }
  },
  "latest_finish": {
    "I-184_U": 104,
    "O-280_L": 111,
    "O-77_L": 110,
    "O-98_L": 112,
    "O-10_L": 115,
    "O-74_L": 102,
    "O-212_L": 105,
    "I-268_U": 112,
    "I-225_U": 111,
    "I-110_U": 110,
    "I-158_U": 115,
    "I-175_U": 101,
    "O-310_L": 120,
    "O-185_L": 107,
    "I-196_U": 112,
    "O-355_L": 107,
    "I-194_U": 110,
    "I-18_U": 111,
    "O-203_L": 107,
    "O-21_L": 109,
    "I-210_U": 103,
    "O-4_L": 107,
    "I-255_U": 106,
    "I-281_U": 102,
    "O-117_L": 107,
    "I-103_U": 118,
    "I-25_U": 110,
    "O-111_L": 105,
    "O-174_L": 111
  },
  "travel_times": {
    "I-184_U": {
      "I-184_U": 0,
      "depot": 1,
      "O-280_L": 1,
      "O-77_L": 1,
      "O-98_L": 1,
      "O-10_L": 1,
      "O-74_L": 2,
      "O-212_L": 1,
      "I-268_U": 1,
      "I-225_U": 1,
      "I-110_U": 1,
      "I-158_U": 1,
      "I-175_U": 1,
      "O-310_L": 1,
      "O-185_L": 0,
      "I-196_U": 1,
      "O-355_L": 1,
      "I-194_U": 1,
      "I-18_U": 1,
      "O-203_L": 2,
      "O-21_L": 1,
      "I-210_U": 1,
      "O-4_L": 1,
      "I-255_U": 3,
      "I-281_U": 1,
      "O-117_L": 1,
      "I-103_U": 1,
      "I-25_U": 1,
      "O-111_L": 1,
      "O-174_L": 1
    },
    "depot": {
      "I-184_U": 1,
      "O-280_L": 1,
      "O-77_L": 1,
      "O-98_L": 2,
      "O-10_L": 1,
      "O-74_L": 3,
      "O-212_L": 1,
      "I-268_U": 1,
      "I-225_U": 1,
      "I-110_U": 2,
      "I-158_U": 1,
      "I-175_U": 1,
      "O-310_L": 1,
      "O-185_L": 1,
      "I-196_U": 1,
      "O-355_L": 1,
      "I-194_U": 1,
      "I-18_U": 1,
      "O-203_L": 3,
      "O-21_L": 1,
      "I-210_U": 1,
      "O-4_L": 2,
      "I-255_U": 3,
      "I-281_U": 1,
      "O-117_L": 2,
      "I-103_U": 1,
      "I-25_U": 1,
      "O-111_L": 2,
      "O-174_L": 1
    },
    "O-280_L": {
      "I-184_U": 1,
      "depot": 1,
      "O-280_L": 0,
      "O-77_L": 0,
      "O-98_L": 2,
      "O-10_L": 2,
      "O-74_L": 3,
      "O-212_L": 1,
      "I-268_U": 1,
      "I-225_U": 0,
      "I-110_U": 2,
      "I-158_U": 1,
      "I-175_U": 1,
      "O-310_L": 1,
      "O-185_L": 1,
      "I-196_U": 1,
      "O-355_L": 1,
      "I-194_U": 1,
      "I-18_U": 0,
      "O-203_L": 3,
      "O-21_L": 1,
      "I-210_U": 1,
      "O-4_L": 2,
      "I-255_U": 3,
      "I-281_U": 0,
      "O-117_L": 2,
      "I-103_U": 1,
      "I-25_U": 0,
      "O-111_L": 2,
      "O-174_L": 1
    },
    "O-77_L": {
      "I-184_U": 1,
      "depot": 1,
      "O-280_L": 0,
      "O-77_L": 0,
      "O-98_L": 2,
      "O-10_L": 2,
      "O-74_L": 3,
      "O-212_L": 1,
      "I-268_U": 1,
      "I-225_U": 0,
      "I-110_U": 2,
      "I-158_U": 1,
      "I-175_U": 1,
      "O-310_L": 1,
      "O-185_L": 1,
      "I-196_U": 1,
      "O-355_L": 1,
      "I-194_U": 1,
      "I-18_U": 0,
      "O-203_L": 3,
      "O-21_L": 1,
      "I-210_U": 1,
      "O-4_L": 2,
      "I-255_U": 3,
      "I-281_U": 0,
      "O-117_L": 2,
      "I-103_U": 1,
      "I-25_U": 0,
      "O-111_L": 2,
      "O-174_L": 1
    },
    "O-98_L": {
      "I-184_U": 1,
      "depot": 2,
      "O-280_L": 2,
      "O-77_L": 2,
      "O-98_L": 0,
      "O-10_L": 1,
      "O-74_L": 2,
      "O-212_L": 1,
      "I-268_U": 2,
      "I-225_U": 2,
      "I-110_U": 1,
      "I-158_U": 1,
      "I-175_U": 2,
      "O-310_L": 1,
      "O-185_L": 1,
      "I-196_U": 1,
      "O-355_L": 1,
      "I-194_U": 2,
      "I-18_U": 2,
      "O-203_L": 2,
      "O-21_L": 1,
      "I-210_U": 1,
      "O-4_L": 1,
      "I-255_U": 2,
      "I-281_U": 2,
      "O-117_L": 1,
      "I-103_U": 1,
      "I-25_U": 2,
      "O-111_L": 1,
      "O-174_L": 2
    },
    "O-10_L": {
      "I-184_U": 1,
      "depot": 1,
      "O-280_L": 2,
      "O-77_L": 2,
      "O-98_L": 1,
      "O-10_L": 0,
      "O-74_L": 2,
      "O-212_L": 1,
      "I-268_U": 1,
      "I-225_U": 2,
      "I-110_U": 1,
      "I-158_U": 1,
      "I-175_U": 1,
      "O-310_L": 1,
      "O-185_L": 1,
      "I-196_U": 1,
      "O-355_L": 1,
      "I-194_U": 1,
      "I-18_U": 2,
      "O-203_L": 2,
      "O-21_L": 1,
      "I-210_U": 1,
      "O-4_L": 1,
      "I-255_U": 2,
      "I-281_U": 2,
      "O-117_L": 1,
      "I-103_U": 1,
      "I-25_U": 2,
      "O-111_L": 1,
      "O-174_L": 1
    },
    "O-74_L": {
      "I-184_U": 2,
      "depot": 3,
      "O-280_L": 3,
      "O-77_L": 3,
      "O-98_L": 2,
      "O-10_L": 2,
      "O-74_L": 0,
      "O-212_L": 2,
      "I-268_U": 2,
      "I-225_U": 3,
      "I-110_U": 2,
      "I-158_U": 2,
      "I-175_U": 2,
      "O-310_L": 2,
      "O-185_L": 2,
      "I-196_U": 2,
      "O-355_L": 2,
      "I-194_U": 2,
      "I-18_U": 3,
      "O-203_L": 0,
      "O-21_L": 2,
      "I-210_U": 2,
      "O-4_L": 2,
      "I-255_U": 1,
      "I-281_U": 3,
      "O-117_L": 2,
      "I-103_U": 2,
      "I-25_U": 3,
      "O-111_L": 2,
      "O-174_L": 2
    },
    "O-212_L": {
      "I-184_U": 1,
      "depot": 1,
      "O-280_L": 1,
      "O-77_L": 1,
      "O-98_L": 1,
      "O-10_L": 1,
      "O-74_L": 2,
      "O-212_L": 0,
      "I-268_U": 1,
      "I-225_U": 1,
      "I-110_U": 1,
      "I-158_U": 1,
      "I-175_U": 1,
      "O-310_L": 1,
      "O-185_L": 1,
      "I-196_U": 1,
      "O-355_L": 1,
      "I-194_U": 1,
      "I-18_U": 1,
      "O-203_L": 2,
      "O-21_L": 1,
      "I-210_U": 1,
      "O-4_L": 1,
      "I-255_U": 3,
      "I-281_U": 1,
      "O-117_L": 1,
      "I-103_U": 1,
      "I-25_U": 1,
      "O-111_L": 1,
      "O-174_L": 1
    },
    "I-268_U": {
      "I-184_U": 1,
      "depot": 1,
      "O-280_L": 1,
      "O-77_L": 1,
      "O-98_L": 2,
      "O-10_L": 1,
      "O-74_L": 2,
      "O-212_L": 1,
      "I-268_U": 0,
      "I-225_U": 1,
      "I-110_U": 1,
      "I-158_U": 1,
      "I-175_U": 0,
      "O-310_L": 1,
      "O-185_L": 1,
      "I-196_U": 1,
      "O-355_L": 1,
      "I-194_U": 0,
      "I-18_U": 1,
      "O-203_L": 2,
      "O-21_L": 1,
      "I-210_U": 1,
      "O-4_L": 2,
      "I-255_U": 3,
      "I-281_U": 1,
      "O-117_L": 1,
      "I-103_U": 1,
      "I-25_U": 1,
      "O-111_L": 1,
      "O-174_L": 0
    },
    "I-225_U": {
      "I-184_U": 1,
      "depot": 1,
      "O-280_L": 0,
      "O-77_L": 0,
      "O-98_L": 2,
      "O-10_L": 2,
      "O-74_L": 3,
      "O-212_L": 1,
      "I-268_U": 1,
      "I-225_U": 0,
      "I-110_U": 2,
      "I-158_U": 1,
      "I-175_U": 1,
      "O-310_L": 1,
      "O-185_L": 1,
      "I-196_U": 1,
      "O-355_L": 1,
      "I-194_U": 1,
      "I-18_U": 0,
      "O-203_L": 3,
      "O-21_L": 1,
      "I-210_U": 1,
      "O-4_L": 2,
      "I-255_U": 3,
      "I-281_U": 0,
      "O-117_L": 2,
      "I-103_U": 1,
      "I-25_U": 0,
      "O-111_L": 2,
      "O-174_L": 1
    },
    "I-110_U": {
      "I-184_U": 1,
      "depot": 2,
      "O-280_L": 2,
      "O-77_L": 2,
      "O-98_L": 1,
      "O-10_L": 1,
      "O-74_L": 2,
      "O-212_L": 1,
      "I-268_U": 1,
      "I-225_U": 2,
      "I-110_U": 0,
      "I-158_U": 1,
      "I-175_U": 1,
      "O-310_L": 1,
      "O-185_L": 1,
      "I-196_U": 1,
      "O-355_L": 1,
      "I-194_U": 1,
      "I-18_U": 2,
      "O-203_L": 2,
      "O-21_L": 1,
      "I-210_U": 1,
      "O-4_L": 1,
      "I-255_U": 2,
      "I-281_U": 2,
      "O-117_L": 0,
      "I-103_U": 1,
      "I-25_U": 2,
      "O-111_L": 0,
      "O-174_L": 1
    },
    "I-158_U": {
      "I-184_U": 1,
      "depot": 1,
      "O-280_L": 1,
      "O-77_L": 1,
      "O-98_L": 1,
      "O-10_L": 1,
      "O-74_L": 2,
      "O-212_L": 1,
      "I-268_U": 1,
      "I-225_U": 1,
      "I-110_U": 1,
      "I-158_U": 0,
      "I-175_U": 1,
      "O-310_L": 1,
      "O-185_L": 1,
      "I-196_U": 1,
      "O-355_L": 1,
      "I-194_U": 1,
      "I-18_U": 1,
      "O-203_L": 2,
      "O-21_L": 1,
      "I-210_U": 1,
      "O-4_L": 1,
      "I-255_U": 2,
      "I-281_U": 1,
      "O-117_L": 1,
      "I-103_U": 1,
      "I-25_U": 1,
      "O-111_L": 1,
      "O-174_L": 1
    },
    "I-175_U": {
      "I-184_U": 1,
      "depot": 1,
      "O-280_L": 1,
      "O-77_L": 1,
      "O-98_L": 2,
      "O-10_L": 1,
      "O-74_L": 2,
      "O-212_L": 1,
      "I-268_U": 0,
      "I-225_U": 1,
      "I-110_U": 1,
      "I-158_U": 1,
      "I-175_U": 0,
      "O-310_L": 1,
      "O-185_L": 1,
      "I-196_U": 1,
      "O-355_L": 1,
      "I-194_U": 0,
      "I-18_U": 1,
      "O-203_L": 2,
      "O-21_L": 1,
      "I-210_U": 1,
      "O-4_L": 2,
      "I-255_U": 3,
      "I-281_U": 1,
      "O-117_L": 1,
      "I-103_U": 1,
      "I-25_U": 1,
      "O-111_L": 1,
      "O-174_L": 0
    },
    "O-310_L": {
      "I-184_U": 1,
      "depot": 1,
      "O-280_L": 1,
      "O-77_L": 1,
      "O-98_L": 1,
      "O-10_L": 1,
      "O-74_L": 2,
      "O-212_L": 1,
      "I-268_U": 1,
      "I-225_U": 1,
      "I-110_U": 1,
      "I-158_U": 1,
      "I-175_U": 1,
      "O-310_L": 0,
      "O-185_L": 1,
      "I-196_U": 1,
      "O-355_L": 1,
      "I-194_U": 1,
      "I-18_U": 1,
      "O-203_L": 2,
      "O-21_L": 1,
      "I-210_U": 1,
      "O-4_L": 1,
      "I-255_U": 3,
      "I-281_U": 1,
      "O-117_L": 1,
      "I-103_U": 1,
      "I-25_U": 1,
      "O-111_L": 1,
      "O-174_L": 1
    },
    "O-185_L": {
      "I-184_U": 0,
      "depot": 1,
      "O-280_L": 1,
      "O-77_L": 1,
      "O-98_L": 1,
      "O-10_L": 1,
      "O-74_L": 2,
      "O-212_L": 1,
      "I-268_U": 1,
      "I-225_U": 1,
      "I-110_U": 1,
      "I-158_U": 1,
      "I-175_U": 1,
      "O-310_L": 1,
      "O-185_L": 0,
      "I-196_U": 1,
      "O-355_L": 1,
      "I-194_U": 1,
      "I-18_U": 1,
      "O-203_L": 2,
      "O-21_L": 1,
      "I-210_U": 1,
      "O-4_L": 1,
      "I-255_U": 3,
      "I-281_U": 1,
      "O-117_L": 1,
      "I-103_U": 1,
      "I-25_U": 1,
      "O-111_L": 1,
      "O-174_L": 1
    },
    "I-196_U": {
      "I-184_U": 1,
      "depot": 1,
      "O-280_L": 1,
      "O-77_L": 1,
      "O-98_L": 1,
      "O-10_L": 1,
      "O-74_L": 2,
      "O-212_L": 1,
      "I-268_U": 1,
      "I-225_U": 1,
      "I-110_U": 1,
      "I-158_U": 1,
      "I-175_U": 1,
      "O-310_L": 1,
      "O-185_L": 1,
      "I-196_U": 0,
      "O-355_L": 1,
      "I-194_U": 1,
      "I-18_U": 1,
      "O-203_L": 2,
      "O-21_L": 1,
      "I-210_U": 1,
      "O-4_L": 1,
      "I-255_U": 2,
      "I-281_U": 1,
      "O-117_L": 1,
      "I-103_U": 1,
      "I-25_U": 1,
      "O-111_L": 1,
      "O-174_L": 1
    },
    "O-355_L": {
      "I-184_U": 1,
      "depot": 1,
      "O-280_L": 1,
      "O-77_L": 1,
      "O-98_L": 1,
      "O-10_L": 1,
      "O-74_L": 2,
      "O-212_L": 1,
      "I-268_U": 1,
      "I-225_U": 1,
      "I-110_U": 1,
      "I-158_U": 1,
      "I-175_U": 1,
      "O-310_L": 1,
      "O-185_L": 1,
      "I-196_U": 1,
      "O-355_L": 0,
      "I-194_U": 1,
      "I-18_U": 1,
      "O-203_L": 2,
      "O-21_L": 1,
      "I-210_U": 1,
      "O-4_L": 1,
      "I-255_U": 2,
      "I-281_U": 1,
      "O-117_L": 1,
      "I-103_U": 1,
      "I-25_U": 1,
      "O-111_L": 1,
      "O-174_L": 1
    },
    "I-194_U": {
      "I-184_U": 1,
      "depot": 1,
      "O-280_L": 1,
      "O-77_L": 1,
      "O-98_L": 2,
      "O-10_L": 1,
      "O-74_L": 2,
      "O-212_L": 1,
      "I-268_U": 0,
      "I-225_U": 1,
      "I-110_U": 1,
      "I-158_U": 1,
      "I-175_U": 0,
      "O-310_L": 1,
      "O-185_L": 1,
      "I-196_U": 1,
      "O-355_L": 1,
      "I-194_U": 0,
      "I-18_U": 1,
      "O-203_L": 2,
      "O-21_L": 1,
      "I-210_U": 1,
      "O-4_L": 2,
      "I-255_U": 3,
      "I-281_U": 1,
      "O-117_L": 1,
      "I-103_U": 1,
      "I-25_U": 1,
      "O-111_L": 1,
      "O-174_L": 0
    },
    "I-18_U": {
      "I-184_U": 1,
      "depot": 1,
      "O-280_L": 0,
      "O-77_L": 0,
      "O-98_L": 2,
      "O-10_L": 2,
      "O-74_L": 3,
      "O-212_L": 1,
      "I-268_U": 1,
      "I-225_U": 0,
      "I-110_U": 2,
      "I-158_U": 1,
      "I-175_U": 1,
      "O-310_L": 1,
      "O-185_L": 1,
      "I-196_U": 1,
      "O-355_L": 1,
      "I-194_U": 1,
      "I-18_U": 0,
      "O-203_L": 3,
      "O-21_L": 1,
      "I-210_U": 1,
      "O-4_L": 2,
      "I-255_U": 3,
      "I-281_U": 0,
      "O-117_L": 2,
      "I-103_U": 1,
      "I-25_U": 0,
      "O-111_L": 2,
      "O-174_L": 1
    },
    "O-203_L": {
      "I-184_U": 2,
      "depot": 3,
      "O-280_L": 3,
      "O-77_L": 3,
      "O-98_L": 2,
      "O-10_L": 2,
      "O-74_L": 0,
      "O-212_L": 2,
      "I-268_U": 2,
      "I-225_U": 3,
      "I-110_U": 2,
      "I-158_U": 2,
      "I-175_U": 2,
      "O-310_L": 2,
      "O-185_L": 2,
      "I-196_U": 2,
      "O-355_L": 2,
      "I-194_U": 2,
      "I-18_U": 3,
      "O-203_L": 0,
      "O-21_L": 2,
      "I-210_U": 2,
      "O-4_L": 2,
      "I-255_U": 1,
      "I-281_U": 3,
      "O-117_L": 2,
      "I-103_U": 2,
      "I-25_U": 3,
      "O-111_L": 2,
      "O-174_L": 2
    },
    "O-21_L": {
      "I-184_U": 1,
      "depot": 1,
      "O-280_L": 1,
      "O-77_L": 1,
      "O-98_L": 1,
      "O-10_L": 1,
      "O-74_L": 2,
      "O-212_L": 1,
      "I-268_U": 1,
      "I-225_U": 1,
      "I-110_U": 1,
      "I-158_U": 1,
      "I-175_U": 1,
      "O-310_L": 1,
      "O-185_L": 1,
      "I-196_U": 1,
      "O-355_L": 1,
      "I-194_U": 1,
      "I-18_U": 1,
      "O-203_L": 2,
      "O-21_L": 0,
      "I-210_U": 1,
      "O-4_L": 1,
      "I-255_U": 2,
      "I-281_U": 1,
      "O-117_L": 1,
      "I-103_U": 1,
      "I-25_U": 1,
      "O-111_L": 1,
      "O-174_L": 1
    },
    "I-210_U": {
      "I-184_U": 1,
      "depot": 1,
      "O-280_L": 1,
      "O-77_L": 1,
      "O-98_L": 1,
      "O-10_L": 1,
      "O-74_L": 2,
      "O-212_L": 1,
      "I-268_U": 1,
      "I-225_U": 1,
      "I-110_U": 1,
      "I-158_U": 1,
      "I-175_U": 1,
      "O-310_L": 1,
      "O-185_L": 1,
      "I-196_U": 1,
      "O-355_L": 1,
      "I-194_U": 1,
      "I-18_U": 1,
      "O-203_L": 2,
      "O-21_L": 1,
      "I-210_U": 0,
      "O-4_L": 1,
      "I-255_U": 2,
      "I-281_U": 1,
      "O-117_L": 1,
      "I-103_U": 1,
      "I-25_U": 1,
      "O-111_L": 1,
      "O-174_L": 1
    },
    "O-4_L": {
      "I-184_U": 1,
      "depot": 2,
      "O-280_L": 2,
      "O-77_L": 2,
      "O-98_L": 1,
      "O-10_L": 1,
      "O-74_L": 2,
      "O-212_L": 1,
      "I-268_U": 2,
      "I-225_U": 2,
      "I-110_U": 1,
      "I-158_U": 1,
      "I-175_U": 2,
      "O-310_L": 1,
      "O-185_L": 1,
      "I-196_U": 1,
      "O-355_L": 1,
      "I-194_U": 2,
      "I-18_U": 2,
      "O-203_L": 2,
      "O-21_L": 1,
      "I-210_U": 1,
      "O-4_L": 0,
      "I-255_U": 2,
      "I-281_U": 2,
      "O-117_L": 1,
      "I-103_U": 1,
      "I-25_U": 2,
      "O-111_L": 1,
      "O-174_L": 2
    },
    "I-255_U": {
      "I-184_U": 3,
      "depot": 3,
      "O-280_L": 3,
      "O-77_L": 3,
      "O-98_L": 2,
      "O-10_L": 2,
      "O-74_L": 1,
      "O-212_L": 3,
      "I-268_U": 3,
      "I-225_U": 3,
      "I-110_U": 2,
      "I-158_U": 2,
      "I-175_U": 3,
      "O-310_L": 3,
      "O-185_L": 3,
      "I-196_U": 2,
      "O-355_L": 2,
      "I-194_U": 3,
      "I-18_U": 3,
      "O-203_L": 1,
      "O-21_L": 2,
      "I-210_U": 2,
      "O-4_L": 2,
      "I-255_U": 0,
      "I-281_U": 3,
      "O-117_L": 2,
      "I-103_U": 3,
      "I-25_U": 3,
      "O-111_L": 2,
      "O-174_L": 3
    },
    "I-281_U": {
      "I-184_U": 1,
      "depot": 1,
      "O-280_L": 0,
      "O-77_L": 0,
      "O-98_L": 2,
      "O-10_L": 2,
      "O-74_L": 3,
      "O-212_L": 1,
      "I-268_U": 1,
      "I-225_U": 0,
      "I-110_U": 2,
      "I-158_U": 1,
      "I-175_U": 1,
      "O-310_L": 1,
      "O-185_L": 1,
      "I-196_U": 1,
      "O-355_L": 1,
      "I-194_U": 1,
      "I-18_U": 0,
      "O-203_L": 3,
      "O-21_L": 1,
      "I-210_U": 1,
      "O-4_L": 2,
      "I-255_U": 3,
      "I-281_U": 0,
      "O-117_L": 2,
      "I-103_U": 1,
      "I-25_U": 0,
      "O-111_L": 2,
      "O-174_L": 1
    },
    "O-117_L": {
      "I-184_U": 1,
      "depot": 2,
      "O-280_L": 2,
      "O-77_L": 2,
      "O-98_L": 1,
      "O-10_L": 1,
      "O-74_L": 2,
      "O-212_L": 1,
      "I-268_U": 1,
      "I-225_U": 2,
      "I-110_U": 0,
      "I-158_U": 1,
      "I-175_U": 1,
      "O-310_L": 1,
      "O-185_L": 1,
      "I-196_U": 1,
      "O-355_L": 1,
      "I-194_U": 1,
      "I-18_U": 2,
      "O-203_L": 2,
      "O-21_L": 1,
      "I-210_U": 1,
      "O-4_L": 1,
      "I-255_U": 2,
      "I-281_U": 2,
      "O-117_L": 0,
      "I-103_U": 1,
      "I-25_U": 2,
      "O-111_L": 0,
      "O-174_L": 1
    },
    "I-103_U": {
      "I-184_U": 1,
      "depot": 1,
      "O-280_L": 1,
      "O-77_L": 1,
      "O-98_L": 1,
      "O-10_L": 1,
      "O-74_L": 2,
      "O-212_L": 1,
      "I-268_U": 1,
      "I-225_U": 1,
      "I-110_U": 1,
      "I-158_U": 1,
      "I-175_U": 1,
      "O-310_L": 1,
      "O-185_L": 1,
      "I-196_U": 1,
      "O-355_L": 1,
      "I-194_U": 1,
      "I-18_U": 1,
      "O-203_L": 2,
      "O-21_L": 1,
      "I-210_U": 1,
      "O-4_L": 1,
      "I-255_U": 3,
      "I-281_U": 1,
      "O-117_L": 1,
      "I-103_U": 0,
      "I-25_U": 1,
      "O-111_L": 1,
      "O-174_L": 1
    },
    "I-25_U": {
      "I-184_U": 1,
      "depot": 1,
      "O-280_L": 0,
      "O-77_L": 0,
      "O-98_L": 2,
      "O-10_L": 2,
      "O-74_L": 3,
      "O-212_L": 1,
      "I-268_U": 1,
      "I-225_U": 0,
      "I-110_U": 2,
      "I-158_U": 1,
      "I-175_U": 1,
      "O-310_L": 1,
      "O-185_L": 1,
      "I-196_U": 1,
      "O-355_L": 1,
      "I-194_U": 1,
      "I-18_U": 0,
      "O-203_L": 3,
      "O-21_L": 1,
      "I-210_U": 1,
      "O-4_L": 2,
      "I-255_U": 3,
      "I-281_U": 0,
      "O-117_L": 2,
      "I-103_U": 1,
      "I-25_U": 0,
      "O-111_L": 2,
      "O-174_L": 1
    },
    "O-111_L": {
      "I-184_U": 1,
      "depot": 2,
      "O-280_L": 2,
      "O-77_L": 2,
      "O-98_L": 1,
      "O-10_L": 1,
      "O-74_L": 2,
      "O-212_L": 1,
      "I-268_U": 1,
      "I-225_U": 2,
      "I-110_U": 0,
      "I-158_U": 1,
      "I-175_U": 1,
      "O-310_L": 1,
      "O-185_L": 1,
      "I-196_U": 1,
      "O-355_L": 1,
      "I-194_U": 1,
      "I-18_U": 2,
      "O-203_L": 2,
      "O-21_L": 1,
      "I-210_U": 1,
      "O-4_L": 1,
      "I-255_U": 2,
      "I-281_U": 2,
      "O-117_L": 0,
      "I-103_U": 1,
      "I-25_U": 2,
      "O-111_L": 0,
      "O-174_L": 1
    },
    "O-174_L": {
      "I-184_U": 1,
      "depot": 1,
      "O-280_L": 1,
      "O-77_L": 1,
      "O-98_L": 2,
      "O-10_L": 1,
      "O-74_L": 2,
      "O-212_L": 1,
      "I-268_U": 0,
      "I-225_U": 1,
      "I-110_U": 1,
      "I-158_U": 1,
      "I-175_U": 0,
      "O-310_L": 1,
      "O-185_L": 1,
      "I-196_U": 1,
      "O-355_L": 1,
      "I-194_U": 0,
      "I-18_U": 1,
      "O-203_L": 2,
      "O-21_L": 1,
      "I-210_U": 1,
      "O-4_L": 2,
      "I-255_U": 3,
      "I-281_U": 1,
      "O-117_L": 1,
      "I-103_U": 1,
      "I-25_U": 1,
      "O-111_L": 1,
      "O-174_L": 0
    }
  },
  "workers": {
    "3": 13,
    "4": 8,
    "5": 3
  },
  "tasks": [
    "O-4_L",
    "O-10_L",
    "I-18_U",
    "O-21_L",
    "I-25_U",
    "O-74_L",
    "O-77_L",
    "O-98_L",
    "I-103_U",
    "I-110_U",
    "O-111_L",
    "O-117_L",
    "I-158_U",
    "O-174_L",
    "I-175_U",
    "I-184_U",
    "O-185_L",
    "I-194_U",
    "I-196_U",
    "O-203_L",
    "I-210_U",
    "O-212_L",
    "I-225_U",
    "I-255_U",
    "I-268_U",
    "I-281_U",
    "O-280_L",
    "O-310_L",
    "O-355_L"
  ],
  "skill_levels": [
    3,
    4,
    5
  ]
}