{
  "tasks_per_formation": {
    "f_3:1,4:1": [
      "O-49_L",
      "O-166_L"
    ],
    "f_3:2,4:1": [
      "I-110_U",
      "O-248_L",
      "O-33_L",
      "O-260_L",
      "I-234_U",
      "O-273_L",
      "O-2_L",
      "O-100_L",
      "O-285_L"
    ],
    "f_3:2,4:2": [
      "I-259_U"
    ],
    "f_3:1,4:1,5:1": [
      "I-171_U",
      "I-304_U"
    ],
    "f_3:3": [
      "O-202_L"
    ],
    "f_3:2,4:1,5:1": [
      "I-107_U"
    ],
    "f_3:2": [
      "O-134_L",
      "I-28_U",
      "O-136_L",
      "O-209_L",
      "O-76_L",
      "O-280_L",
      "I-221_U",
      "I-279_U",
      "I-203_U",
      "O-27_L",
      "I-309_U",
      "I-158_U",
      "I-135_U",
      "I-188_U"
    ]
  },
  "modes": {
    "O-134_L": {
      "f_3:2": 3
    },
    "I-28_U": {
      "f_3:2": 3
    },
    "O-136_L": {
      "f_3:2": 2
    },
    "O-76_L": {
      "f_3:2": 6
    },
    "O-280_L": {
      "f_3:2": 3
    },
    "I-221_U": {
      "f_3:2": 2
    },
    "O-33_L": {
      "f_3:2,4:1": 4
    },
    "O-260_L": {
      "f_3:2,4:1": 4
    },
    "I-203_U": {
      "f_3:2": 2
    },
    "O-285_L": {
      "f_3:2,4:1": 4
    },
    "I-110_U": {
      "f_3:2,4:1": 5
    },
    "I-309_U": {
      "f_3:2": 4
    },
    "I-158_U": {
      "f_3:2": 4
    },
    "I-135_U": {
      "f_3:2": 3
    },
    "O-100_L": {
      "f_3:2,4:1": 4
    },
    "I-304_U": {
      "f_3:1,4:1,5:1": 7
    },
    "I-171_U": {
      "f_3:1,4:1,5:1": 7
    },
    "O-166_L": {
      "f_3:1,4:1": 4
    },
    "I-259_U": {
      "f_3:2,4:2": 3
    },
    "O-209_L": {
      "f_3:2": 4
    },
    "O-248_L": {
      "f_3:2,4:1": 4
    },
    "I-234_U": {
      "f_3:2,4:1": 5
    },
    "O-273_L": {
      "f_3:2,4:1": 4
    },
    "I-279_U": {
      "f_3:2": 4
    },
    "O-202_L": {
      "f_3:3": 3
    },
    "O-2_L": {
      "f_3:2,4:1": 3
    },
    "O-27_L": {
      "f_3:2": 4
    },
    "I-107_U": {
      "f_3:2,4:1,5:1": 8
    },
    "O-49_L": {
      "f_3:1,4:1": 5
    },
    "I-188_U": {
      "f_3:2": 4
    }
  },
  "depot": "depot",
  "instants": [
    95,
    96,
    97,
    98,
    99,
    100,
    101,
    102,
    103,
    104,
    105,
    106,
    107,
    108,
    109,
    110,
    111,
    112,
    113,
    114,
    115,
    116
  ],
  "begin_horizon": 95,
  "end_horizon": 117,
  "earliest_start": {
    "O-134_L": 106,
    "I-28_U": 98,
    "O-136_L": 99,
    "O-76_L": 100,
    "O-280_L": 106,
    "I-221_U": 108,
    "O-33_L": 101,
    "O-260_L": 103,
    "I-203_U": 99,
    "O-285_L": 100,
    "I-110_U": 108,
    "I-309_U": 103,
    "I-158_U": 102,
    "I-135_U": 102,
    "O-100_L": 98,
    "I-304_U": 107,
    "I-171_U": 107,
    "O-166_L": 107,
    "I-259_U": 100,
    "O-209_L": 97,
    "O-248_L": 106,
    "I-234_U": 105,
    "O-273_L": 99,
    "I-279_U": 100,
    "O-202_L": 102,
    "O-2_L": 99,
    "O-27_L": 102,
    "I-107_U": 99,
    "O-49_L": 102,
    "I-188_U": 97
  },
  "latest_start": {
    "O-134_L": 108,
    "I-28_U": 99,
    "O-136_L": 101,
    "O-76_L": 101,
    "O-280_L": 108,
    "I-221_U": 109,
    "O-33_L": 102,
    "O-260_L": 103,
    "I-203_U": 100,
    "O-285_L": 102,
    "I-110_U": 108,
    "I-309_U": 104,
    "I-158_U": 102,
    "I-135_U": 103,
    "O-100_L": 99,
    "I-304_U": 108,
    "I-171_U": 107,
    "O-166_L": 108,
    "I-259_U": 100,
    "O-209_L": 97,
    "O-248_L": 106,
    "I-234_U": 105,
    "O-273_L": 100,
    "I-279_U": 101,
    "O-202_L": 102,
    "O-2_L": 100,
    "O-27_L": 102,
    "I-107_U": 100,
    "O-49_L": 102,
    "I-188_U": 98
  },
  "weights": {
    "O-134_L": 1.0,
    "I-28_U": 1.0,
    "O-136_L": 1.0,
    "O-76_L": 2.0,
    "O-280_L": 1.0,
    "I-221_U": 1.0,
    "O-33_L": 2.0,
    "O-260_L": 2.0,
    "I-203_U": 1.0,
    "O-285_L": 2.0,
    "I-110_U": 2.0,
    "I-309_U": 1.0,
    "I-158_U": 1.0,
    "I-135_U": 1.0,
    "O-100_L": 2.0,
    "I-304_U": 3.0,
    "I-171_U": 3.0,
    "O-166_L": 2.0,
    "I-259_U": 2.0,
    "O-209_L": 1.0,
    "O-248_L": 2.0,
    "I-234_U": 2.0,
    "O-273_L": 2.0,
    "I-279_U": 1.0,
    "O-202_L": 1.0,
    "O-2_L": 2.0,
    "O-27_L": 1.0,
    "I-107_U": 3.0,
    "O-49_L": 2.0,
    "I-188_U": 2.0
  },
  "workers_w_d": {
    "3": 19,
    "4": 6,
    "5": 2
  },
  "earliest_finish": {
    "O-134_L": 109,
    "I-28_U": 101,
    "O-136_L": 101,
    "O-76_L": 106,
    "O-280_L": 109,
    "I-221_U": 110,
    "O-33_L": 105,
    "O-260_L": 107,
    "I-203_U": 101,
    "O-285_L": 104,
    "I-110_U": 113,
    "I-309_U": 107,
    "I-158_U": 106,
    "I-135_U": 105,
    "O-100_L": 102,
    "I-304_U": 114,
    "I-171_U": 114,
    "O-166_L": 111,
    "I-259_U": 103,
    "O-209_L": 101,
    "O-248_L": 110,
    "I-234_U": 110,
    "O-273_L": 103,
    "I-279_U": 104,
    "O-202_L": 105,
    "O-2_L": 102,
    "O-27_L": 106,
    "I-107_U": 107,
    "O-49_L": 107,
    "I-188_U": 101
  },
  "formations": {
    "f_3:1,4:1": {
      "3": 1,
      "4": 1
    },
    "f_3:2,4:1": {
      "3": 2,
      "4": 1
    },
    "f_3:2,4:2": {
      "3": 2,
      "4": 2
    },
    "f_3:1,4:1,5:1": {
      "3": 1,
      "4": 1,
      "5": 1
    },
    "f_3:3": {
      "3": 3
    },
    "f_3:2,4:1,5:1": {
      "3": 2,
      "4": 1,
      "5": 1
    },
    "f_3:2": {
      "3": 2
    }
  },
  "modesSpeedID": {
    "O-134_L": {
      "f_3:2": "s"
    },
    "I-28_U": {
      "f_3:2": "s"
    },
    "O-136_L": {
      "f_3:2": "s"
    },
    "O-76_L": {
      "f_3:2": "s"
    },
    "O-280_L": {
      "f_3:2": "s"
    },
    "I-221_U": {
      "f_3:2": "s"
    },
    "O-33_L": {
      "f_3:2,4:1": "i"
    },
    "O-260_L": {
      "f_3:2,4:1": "i"
    },
    "I-203_U": {
      "f_3:2": "s"
    },
    "O-285_L": {
      "f_3:2,4:1": "i"
    },
    "I-110_U": {
      "f_3:2,4:1": "i"
    },
    "I-309_U": {
      "f_3:2": "s"
    },
    "I-158_U": {
      "f_3:2": "s"
    },
    "I-135_U": {
      "f_3:2": "s"
    },
    "O-100_L": {
      "f_3:2,4:1": "i"
    },
    "I-304_U": {
      "f_3:1,4:1,5:1": "s"
    },
    "I-171_U": {
      "f_3:1,4:1,5:1": "s"
    },
    "O-166_L": {
      "f_3:1,4:1": "s"
    },
    "I-259_U": {
      "f_3:2,4:2": "f"
    },
    "O-209_L": {
      "f_3:2": "s"
    },
    "O-248_L": {
      "f_3:2,4:1": "i"
    },
    "I-234_U": {
      "f_3:2,4:1": "i"
    },
    "O-273_L": {
      "f_3:2,4:1": "i"
    },
    "I-279_U": {
      "f_3:2": "s"
    },
    "O-202_L": {
      "f_3:3": "f"
    },
    "O-2_L": {
      "f_3:2,4:1": "i"
    },
    "O-27_L": {
      "f_3:2": "s"
    },
    "I-107_U": {
      "f_3:2,4:1,5:1": "i"
    },
    "O-49_L": {
      "f_3:1,4:1": "s"
    },
    "I-188_U": {
      "f_3:2": "s"
    }
  },
  "formations_w_d": {
    "f_3:1,4:1": {
      "3": 2,
      "4": 1
    },
    "f_3:2,4:1": {
      "3": 3,
      "4": 1
    },
    "f_3:2,4:2": {
      "3": 4,
      "4": 2
    },
    "f_3:1,4:1,5:1": {
      "3": 3,
      "4": 2,
      "5": 1
    },
    "f_3:3": {
      "3": 3
    },
    "f_3:2,4:1,5:1": {
      "3": 4,
      "4": 2,
      "5": 1
    },
    "f_3:2": {
      "3": 2
    }
  },
  "latest_finish": {
    "O-134_L": 111,
    "I-28_U": 102,
    "O-136_L": 103,
    "O-76_L": 107,
    "O-280_L": 111,
    "I-221_U": 111,
    "O-33_L": 106,
    "O-260_L": 107,
    "I-203_U": 102,
    "O-285_L": 106,
    "I-110_U": 113,
    "I-309_U": 108,
    "I-158_U": 106,
    "I-135_U": 106,
    "O-100_L": 103,
    "I-304_U": 115,
    "I-171_U": 114,
    "O-166_L": 112,
    "I-259_U": 103,
    "O-209_L": 101,
    "O-248_L": 110,
    "I-234_U": 110,
    "O-273_L": 104,
    "I-279_U": 105,
    "O-202_L": 105,
    "O-2_L": 103,
    "O-27_L": 106,
    "I-107_U": 108,
    "O-49_L": 107,
    "I-188_U": 102
  },
  "travel_times": {
    "O-134_L": {
      "O-134_L": 0,
      "I-28_U": 2,
      "O-136_L": 1,
      "depot": 1,
      "O-76_L": 3,
      "O-280_L": 1,
      "I-221_U": 1,
      "O-33_L": 1,
      "O-260_L": 1,
      "I-203_U": 1,
      "O-285_L": 1,
      "I-110_U": 2,
      "I-309_U": 1,
      "I-158_U": 1,
      "I-135_U": 0,
      "O-100_L": 1,
      "I-304_U": 1,
      "I-171_U": 2,
      "O-166_L": 1,
      "I-259_U": 1,
      "O-209_L": 1,
      "O-248_L": 1,
      "I-234_U": 1,
      "O-273_L": 1,
      "I-279_U": 1,
      "O-202_L": 1,
      "O-2_L": 1,
      "O-27_L": 2,
      "I-107_U": 2,
      "O-49_L": 1,
      "I-188_U": 1
    },
    "I-28_U": {
      "O-134_L": 2,
      "I-28_U": 0,
      "O-136_L": 2,
      "depot": 3,
      "O-76_L": 1,
      "O-280_L": 2,
      "I-221_U": 2,
      "O-33_L": 2,
      "O-260_L": 2,
      "I-203_U": 3,
      "O-285_L": 2,
      "I-110_U": 1,
      "I-309_U": 2,
      "I-158_U": 2,
      "I-135_U": 2,
      "O-100_L": 2,
      "I-304_U": 2,
      "I-171_U": 1,
      "O-166_L": 2,
      "I-259_U": 2,
      "O-209_L": 3,
      "O-248_L": 2,
      "I-234_U": 2,
      "O-273_L": 2,
      "I-279_U": 2,
      "O-202_L": 3,
      "O-2_L": 2,
      "O-27_L": 0,
      "I-107_U": 0,
      "O-49_L": 2,
      "I-188_U": 3
    },
    "O-136_L": {
      "O-134_L": 1,
      "I-28_U": 2,
      "O-136_L": 0,
      "depot": 1,
      "O-76_L": 2,
      "O-280_L": 1,
      "I-221_U": 1,
      "O-33_L": 1,
      "O-260_L": 1,
      "I-203_U": 1,
      "O-285_L": 1,
      "I-110_U": 2,
      "I-309_U": 1,
      "I-158_U": 1,
      "I-135_U": 1,
      "O-100_L": 1,
      "I-304_U": 1,
      "I-171_U": 2,
      "O-166_L": 1,
      "I-259_U": 1,
      "O-209_L": 1,
      "O-248_L": 0,
      "I-234_U": 1,
      "O-273_L": 1,
      "I-279_U": 1,
      "O-202_L": 1,
      "O-2_L": 1,
      "O-27_L": 2,
      "I-107_U": 2,
      "O-49_L": 1,
      "I-188_U": 2
    },
    "depot": {
      "O-134_L": 1,
      "I-28_U": 3,
      "O-136_L": 1,
      "O-76_L": 3,
      "O-280_L": 1,
      "I-221_U": 1,
      "O-33_L": 1,
      "O-260_L": 1,
      "I-203_U": 1,
      "O-285_L": 2,
      "I-110_U": 3,
      "I-309_U": 1,
      "I-158_U": 1,
      "I-135_U": 1,
      "O-100_L": 1,
      "I-304_U": 1,
      "I-171_U": 2,
      "O-166_L": 1,
      "I-259_U": 1,
      "O-209_L": 1,
      "O-248_L": 1,
      "I-234_U": 2,
      "O-273_L": 1,
      "I-279_U": 1,
      "O-202_L": 1,
      "O-2_L": 2,
      "O-27_L": 3,
      "I-107_U": 3,
      "O-49_L": 1,
      "I-188_U": 1
    },
    "O-76_L": {
      "O-134_L": 3,
      "I-28_U": 1,
      "O-136_L": 2,
      "depot": 3,
      "O-76_L": 0,
      "O-280_L": 3,
      "I-221_U": 2,
      "O-33_L": 3,
      "O-260_L": 2,
      "I-203_U": 3,
      "O-285_L": 2,
      "I-110_U": 1,
      "I-309_U": 2,
      "I-158_U": 3,
      "I-135_U": 3,
      "O-100_L": 3,
      "I-304_U": 3,
      "I-171_U": 1,
      "O-166_L": 3,
      "I-259_U": 2,
      "O-209_L": 3,
      "O-248_L": 2,
      "I-234_U": 2,
      "O-273_L": 2,
      "I-279_U": 3,
      "O-202_L": 3,
      "O-2_L": 2,
      "O-27_L": 1,
      "I-107_U": 1,
      "O-49_L": 2,
      "I-188_U": 3
    },
    "O-280_L": {
      "O-134_L": 1,
      "I-28_U": 2,
      "O-136_L": 1,
      "depot": 1,
      "O-76_L": 3,
      "O-280_L": 0,
      "I-221_U": 1,
      "O-33_L": 1,
      "O-260_L": 1,
      "I-203_U": 1,
      "O-285_L": 1,
      "I-110_U": 2,
      "I-309_U": 1,
      "I-158_U": 1,
      "I-135_U": 1,
      "O-100_L": 1,
      "I-304_U": 1,
      "I-171_U": 2,
      "O-166_L": 1,
      "I-259_U": 1,
      "O-209_L": 1,
      "O-248_L": 1,
      "I-234_U": 1,
      "O-273_L": 1,
      "I-279_U": 0,
      "O-202_L": 1,
      "O-2_L": 1,
      "O-27_L": 2,
      "I-107_U": 2,
      "O-49_L": 1,
      "I-188_U": 1
    },
    "I-221_U": {
      "O-134_L": 1,
      "I-28_U": 2,
      "O-136_L": 1,
      "depot": 1,
      "O-76_L": 2,
      "O-280_L": 1,
      "I-221_U": 0,
      "O-33_L": 1,
      "O-260_L": 1,
      "I-203_U": 2,
      "O-285_L": 1,
      "I-110_U": 2,
      "I-309_U": 1,
      "I-158_U": 1,
      "I-135_U": 1,
      "O-100_L": 1,
      "I-304_U": 1,
      "I-171_U": 2,
      "O-166_L": 1,
      "I-259_U": 1,
      "O-209_L": 2,
      "O-248_L": 1,
      "I-234_U": 1,
      "O-273_L": 1,
      "I-279_U": 1,
      "O-202_L": 2,
      "O-2_L": 1,
      "O-27_L": 2,
      "I-107_U": 2,
      "O-49_L": 1,
      "I-188_U": 2
    },
    "O-33_L": {
      "O-134_L": 1,
      "I-28_U": 2,
      "O-136_L": 1,
      "depot": 1,
      "O-76_L": 3,
      "O-280_L": 1,
      "I-221_U": 1,
      "O-33_L": 0,
      "O-260_L": 1,
      "I-203_U": 1,
      "O-285_L": 2,
      "I-110_U": 2,
      "I-309_U": 1,
      "I-158_U": 0,
      "I-135_U": 1,
      "O-100_L": 1,
      "I-304_U": 1,
      "I-171_U": 2,
      "O-166_L": 1,
      "I-259_U": 1,
      "O-209_L": 1,
      "O-248_L": 1,
      "I-234_U": 1,
      "O-273_L": 1,
      "I-279_U": 1,
      "O-202_L": 1,
      "O-2_L": 2,
      "O-27_L": 2,
      "I-107_U": 2,
      "O-49_L": 1,
      "I-188_U": 1
    },
    "O-260_L": {
      "O-134_L": 1,
      "I-28_U": 2,
      "O-136_L": 1,
      "depot": 1,
      "O-76_L": 2,
      "O-280_L": 1,
      "I-221_U": 1,
      "O-33_L": 1,
      "O-260_L": 0,
      "I-203_U": 1,
      "O-285_L": 1,
      "I-110_U": 2,
      "I-309_U": 1,
      "I-158_U": 1,
      "I-135_U": 1,
      "O-100_L": 1,
      "I-304_U": 1,
      "I-171_U": 2,
      "O-166_L": 1,
      "I-259_U": 0,
      "O-209_L": 1,
      "O-248_L": 1,
      "I-234_U": 1,
      "O-273_L": 1,
      "I-279_U": 1,
      "O-202_L": 1,
      "O-2_L": 1,
      "O-27_L": 2,
      "I-107_U": 2,
      "O-49_L": 1,
      "I-188_U": 2
    },
    "I-203_U": {
      "O-134_L": 1,
      "I-28_U": 3,
      "O-136_L": 1,
      "depot": 1,
      "O-76_L": 3,
      "O-280_L": 1,
      "I-221_U": 2,
      "O-33_L": 1,
      "O-260_L": 1,
      "I-203_U": 0,
      "O-285_L": 2,
      "I-110_U": 3,
      "I-309_U": 1,
      "I-158_U": 1,
      "I-135_U": 1,
      "O-100_L": 1,
      "I-304_U": 1,
      "I-171_U": 3,
      "O-166_L": 1,
      "I-259_U": 1,
      "O-209_L": 0,
      "O-248_L": 1,
      "I-234_U": 2,
      "O-273_L": 2,
      "I-279_U": 1,
      "O-202_L": 0,
      "O-2_L": 2,
      "O-27_L": 3,
      "I-107_U": 3,
      "O-49_L": 1,
      "I-188_U": 1
    },
    "O-285_L": {
      "O-134_L": 1,
      "I-28_U": 2,
      "O-136_L": 1,
      "depot": 2,
      "O-76_L": 2,
      "O-280_L": 1,
      "I-221_U": 1,
      "O-33_L": 2,
      "O-260_L": 1,
      "I-203_U": 2,
      "O-285_L": 0,
      "I-110_U": 2,
      "I-309_U": 1,
      "I-158_U": 2,
      "I-135_U": 1,
      "O-100_L": 1,
      "I-304_U": 1,
      "I-171_U": 2,
      "O-166_L": 2,
      "I-259_U": 1,
      "O-209_L": 2,
      "O-248_L": 1,
      "I-234_U": 1,
      "O-273_L": 1,
      "I-279_U": 1,
      "O-202_L": 2,
      "O-2_L": 1,
      "O-27_L": 2,
      "I-107_U": 2,
      "O-49_L": 1,
      "I-188_U": 2
    },
    "I-110_U": {
      "O-134_L": 2,
      "I-28_U": 1,
      "O-136_L": 2,
      "depot": 3,
      "O-76_L": 1,
      "O-280_L": 2,
      "I-221_U": 2,
      "O-33_L": 2,
      "O-260_L": 2,
      "I-203_U": 3,
      "O-285_L": 2,
      "I-110_U": 0,
      "I-309_U": 2,
      "I-158_U": 2,
      "I-135_U": 2,
      "O-100_L": 2,
      "I-304_U": 2,
      "I-171_U": 1,
      "O-166_L": 3,
      "I-259_U": 2,
      "O-209_L": 3,
      "O-248_L": 2,
      "I-234_U": 2,
      "O-273_L": 2,
      "I-279_U": 2,
      "O-202_L": 3,
      "O-2_L": 2,
      "O-27_L": 1,
      "I-107_U": 1,
      "O-49_L": 2,
      "I-188_U": 3
    },
    "I-309_U": {
      "O-134_L": 1,
      "I-28_U": 2,
      "O-136_L": 1,
      "depot": 1,
      "O-76_L": 2,
      "O-280_L": 1,
      "I-221_U": 1,
      "O-33_L": 1,
      "O-260_L": 1,
      "I-203_U": 1,
      "O-285_L": 1,
      "I-110_U": 2,
      "I-309_U": 0,
      "I-158_U": 1,
      "I-135_U": 1,
      "O-100_L": 1,
      "I-304_U": 1,
      "I-171_U": 2,
      "O-166_L": 1,
      "I-259_U": 1,
      "O-209_L": 1,
      "O-248_L": 1,
      "I-234_U": 1,
      "O-273_L": 1,
      "I-279_U": 1,
      "O-202_L": 1,
      "O-2_L": 1,
      "O-27_L": 2,
      "I-107_U": 2,
      "O-49_L": 1,
      "I-188_U": 1
    },
    "I-158_U": {
      "O-134_L": 1,
      "I-28_U": 2,
      "O-136_L": 1,
      "depot": 1,
      "O-76_L": 3,
      "O-280_L": 1,
      "I-221_U": 1,
      "O-33_L": 0,
      "O-260_L": 1,
      "I-203_U": 1,
      "O-285_L": 2,
      "I-110_U": 2,
      "I-309_U": 1,
      "I-158_U": 0,
      "I-135_U": 1,
      "O-100_L": 1,
      "I-304_U": 1,
      "I-171_U": 2,
      "O-166_L": 1,
      "I-259_U": 1,
      "O-209_L": 1,
      "O-248_L": 1,
      "I-234_U": 1,
      "O-273_L": 1,
      "I-279_U": 1,
      "O-202_L": 1,
      "O-2_L": 2,
      "O-27_L": 2,
      "I-107_U": 2,
      "O-49_L": 1,
      "I-188_U": 1
    },
    "I-135_U": {
      "O-134_L": 0,
      "I-28_U": 2,
      "O-136_L": 1,
      "depot": 1,
      "O-76_L": 3,
      "O-280_L": 1,
      "I-221_U": 1,
      "O-33_L": 1,
      "O-260_L": 1,
      "I-203_U": 1,
      "O-285_L": 1,
      "I-110_U": 2,
      "I-309_U": 1,
      "I-158_U": 1,
      "I-135_U": 0,
      "O-100_L": 1,
      "I-304_U": 1,
      "I-171_U": 2,
      "O-166_L": 1,
      "I-259_U": 1,
      "O-209_L": 1,
      "O-248_L": 1,
      "I-234_U": 1,
      "O-273_L": 1,
      "I-279_U": 1,
      "O-202_L": 1,
      "O-2_L": 1,
      "O-27_L": 2,
      "I-107_U": 2,
      "O-49_L": 1,
      "I-188_U": 1
    },
    "O-100_L": {
      "O-134_L": 1,
      "I-28_U": 2,
      "O-136_L": 1,
      "depot": 1,
      "O-76_L": 3,
      "O-280_L": 1,
      "I-221_U": 1,
      "O-33_L": 1,
      "O-260_L": 1,
      "I-203_U": 1,
      "O-285_L": 1,
      "I-110_U": 2,
      "I-309_U": 1,
      "I-158_U": 1,
      "I-135_U": 1,
      "O-100_L": 0,
      "I-304_U": 0,
      "I-171_U": 2,
      "O-166_L": 1,
      "I-259_U": 1,
      "O-209_L": 1,
      "O-248_L": 1,
      "I-234_U": 1,
      "O-273_L": 1,
      "I-279_U": 1,
      "O-202_L": 1,
      "O-2_L": 1,
      "O-27_L": 2,
      "I-107_U": 2,
      "O-49_L": 1,
      "I-188_U": 1
    },
    "I-304_U": {
      "O-134_L": 1,
      "I-28_U": 2,
      "O-136_L": 1,
      "depot": 1,
      "O-76_L": 3,
      "O-280_L": 1,
      "I-221_U": 1,
      "O-33_L": 1,
      "O-260_L": 1,
      "I-203_U": 1,
      "O-285_L": 1,
      "I-110_U": 2,
      "I-309_U": 1,
      "I-158_U": 1,
      "I-135_U": 1,
      "O-100_L": 0,
      "I-304_U": 0,
      "I-171_U": 2,
      "O-166_L": 1,
      "I-259_U": 1,
      "O-209_L": 1,
      "O-248_L": 1,
      "I-234_U": 1,
      "O-273_L": 1,
      "I-279_U": 1,
      "O-202_L": 1,
      "O-2_L": 1,
      "O-27_L": 2,
      "I-107_U": 2,
      "O-49_L": 1,
      "I-188_U": 1
    },
    "I-171_U": {
      "O-134_L": 2,
      "I-28_U": 1,
      "O-136_L": 2,
      "depot": 2,
      "O-76_L": 1,
      "O-280_L": 2,
      "I-221_U": 2,
      "O-33_L": 2,
      "O-260_L": 2,
      "I-203_U": 3,
      "O-285_L": 2,
      "I-110_U": 1,
      "I-309_U": 2,
      "I-158_U": 2,
      "I-135_U": 2,
      "O-100_L": 2,
      "I-304_U": 2,
      "I-171_U": 0,
      "O-166_L": 2,
      "I-259_U": 2,
      "O-209_L": 3,
      "O-248_L": 2,
      "I-234_U": 2,
      "O-273_L": 2,
      "I-279_U": 2,
      "O-202_L": 3,
      "O-2_L": 2,
      "O-27_L": 1,
      "I-107_U": 1,
      "O-49_L": 2,
      "I-188_U": 2
    },
    "O-166_L": {
      "O-134_L": 1,
      "I-28_U": 2,
      "O-136_L": 1,
      "depot": 1,
      "O-76_L": 3,
      "O-280_L": 1,
      "I-221_U": 1,
      "O-33_L": 1,
      "O-260_L": 1,
      "I-203_U": 1,
      "O-285_L": 2,
      "I-110_U": 3,
      "I-309_U": 1,
      "I-158_U": 1,
      "I-135_U": 1,
      "O-100_L": 1,
      "I-304_U": 1,
      "I-171_U": 2,
      "O-166_L": 0,
      "I-259_U": 1,
      "O-209_L": 1,
      "O-248_L": 1,
      "I-234_U": 2,
      "O-273_L": 1,
      "I-279_U": 1,
      "O-202_L": 1,
      "O-2_L": 2,
      "O-27_L": 2,
      "I-107_U": 2,
      "O-49_L": 1,
      "I-188_U": 1
    },
    "I-259_U": {
      "O-134_L": 1,
      "I-28_U": 2,
      "O-136_L": 1,
      "depot": 1,
      "O-76_L": 2,
      "O-280_L": 1,
      "I-221_U": 1,
      "O-33_L": 1,
      "O-260_L": 0,
      "I-203_U": 1,
      "O-285_L": 1,
      "I-110_U": 2,
      "I-309_U": 1,
      "I-158_U": 1,
      "I-135_U": 1,
      "O-100_L": 1,
      "I-304_U": 1,
      "I-171_U": 2,
      "O-166_L": 1,
      "I-259_U": 0,
      "O-209_L": 1,
      "O-248_L": 1,
      "I-234_U": 1,
      "O-273_L": 1,
      "I-279_U": 1,
      "O-202_L": 1,
      "O-2_L": 1,
      "O-27_L": 2,
      "I-107_U": 2,
      "O-49_L": 1,
      "I-188_U": 2
    },
    "O-209_L": {
      "O-134_L": 1,
      "I-28_U": 3,
      "O-136_L": 1,
      "depot": 1,
      "O-76_L": 3,
      "O-280_L": 1,
      "I-221_U": 2,
      "O-33_L": 1,
      "O-260_L": 1,
      "I-203_U": 0,
      "O-285_L": 2,
      "I-110_U": 3,
      "I-309_U": 1,
      "I-158_U": 1,
      "I-135_U": 1,
      "O-100_L": 1,
      "I-304_U": 1,
      "I-171_U": 3,
      "O-166_L": 1,
      "I-259_U": 1,
      "O-209_L": 0,
      "O-248_L": 1,
      "I-234_U": 2,
      "O-273_L": 2,
      "I-279_U": 1,
      "O-202_L": 0,
      "O-2_L": 2,
      "O-27_L": 3,
      "I-107_U": 3,
      "O-49_L": 1,
      "I-188_U": 1
    },
    "O-248_L": {
      "O-134_L": 1,
      "I-28_U": 2,
      "O-136_L": 0,
      "depot": 1,
      "O-76_L": 2,
      "O-280_L": 1,
      "I-221_U": 1,
      "O-33_L": 1,
      "O-260_L": 1,
      "I-203_U": 1,
      "O-285_L": 1,
      "I-110_U": 2,
      "I-309_U": 1,
      "I-158_U": 1,
      "I-135_U": 1,
      "O-100_L": 1,
      "I-304_U": 1,
      "I-171_U": 2,
      "O-166_L": 1,
      "I-259_U": 1,
      "O-209_L": 1,
      "O-248_L": 0,
      "I-234_U": 1,
      "O-273_L": 1,
      "I-279_U": 1,
      "O-202_L": 1,
      "O-2_L": 1,
      "O-27_L": 2,
      "I-107_U": 2,
      "O-49_L": 1,
      "I-188_U": 2
    },
    "I-234_U": {
      "O-134_L": 1,
      "I-28_U": 2,
      "O-136_L": 1,
      "depot": 2,
      "O-76_L": 2,
      "O-280_L": 1,
      "I-221_U": 1,
      "O-33_L": 1,
      "O-260_L": 1,
      "I-203_U": 2,
      "O-285_L": 1,
      "I-110_U": 2,
      "I-309_U": 1,
      "I-158_U": 1,
      "I-135_U": 1,
      "O-100_L": 1,
      "I-304_U": 1,
      "I-171_U": 2,
      "O-166_L": 2,
      "I-259_U": 1,
      "O-209_L": 2,
      "O-248_L": 1,
      "I-234_U": 0,
      "O-273_L": 1,
      "I-279_U": 1,
      "O-202_L": 2,
      "O-2_L": 1,
      "O-27_L": 2,
      "I-107_U": 2,
      "O-49_L": 1,
      "I-188_U": 2
    },
    "O-273_L": {
      "O-134_L": 1,
      "I-28_U": 2,
      "O-136_L": 1,
      "depot": 1,
      "O-76_L": 2,
      "O-280_L": 1,
      "I-221_U": 1,
      "O-33_L": 1,
      "O-260_L": 1,
      "I-203_U": 2,
      "O-285_L": 1,
      "I-110_U": 2,
      "I-309_U": 1,
      "I-158_U": 1,
      "I-135_U": 1,
      "O-100_L": 1,
      "I-304_U": 1,
      "I-171_U": 2,
      "O-166_L": 1,
      "I-259_U": 1,
      "O-209_L": 2,
      "O-248_L": 1,
      "I-234_U": 1,
      "O-273_L": 0,
      "I-279_U": 1,
      "O-202_L": 2,
      "O-2_L": 1,
      "O-27_L": 2,
      "I-107_U": 2,
      "O-49_L": 1,
      "I-188_U": 2
    },
    "I-279_U": {
      "O-134_L": 1,
      "I-28_U": 2,
      "O-136_L": 1,
      "depot": 1,
      "O-76_L": 3,
      "O-280_L": 0,
      "I-221_U": 1,
      "O-33_L": 1,
      "O-260_L": 1,
      "I-203_U": 1,
      "O-285_L": 1,
      "I-110_U": 2,
      "I-309_U": 1,
      "I-158_U": 1,
      "I-135_U": 1,
      "O-100_L": 1,
      "I-304_U": 1,
      "I-171_U": 2,
      "O-166_L": 1,
      "I-259_U": 1,
      "O-209_L": 1,
      "O-248_L": 1,
      "I-234_U": 1,
      "O-273_L": 1,
      "I-279_U": 0,
      "O-202_L": 1,
      "O-2_L": 1,
      "O-27_L": 2,
      "I-107_U": 2,
      "O-49_L": 1,
      "I-188_U": 1
    },
    "O-202_L": {
      "O-134_L": 1,
      "I-28_U": 3,
      "O-136_L": 1,
      "depot": 1,
      "O-76_L": 3,
      "O-280_L": 1,
      "I-221_U": 2,
      "O-33_L": 1,
      "O-260_L": 1,
      "I-203_U": 0,
      "O-285_L": 2,
      "I-110_U": 3,
      "I-309_U": 1,
      "I-158_U": 1,
      "I-135_U": 1,
      "O-100_L": 1,
      "I-304_U": 1,
      "I-171_U": 3,
      "O-166_L": 1,
      "I-259_U": 1,
      "O-209_L": 0,
      "O-248_L": 1,
      "I-234_U": 2,
      "O-273_L": 2,
      "I-279_U": 1,
      "O-202_L": 0,
      "O-2_L": 2,
      "O-27_L": 3,
      "I-107_U": 3,
      "O-49_L": 1,
      "I-188_U": 1
    },
    "O-2_L": {
      "O-134_L": 1,
      "I-28_U": 2,
      "O-136_L": 1,
      "depot": 2,
      "O-76_L": 2,
      "O-280_L": 1,
      "I-221_U": 1,
      "O-33_L": 2,
      "O-260_L": 1,
      "I-203_U": 2,
      "O-285_L": 1,
      "I-110_U": 2,
      "I-309_U": 1,
      "I-158_U": 2,
      "I-135_U": 1,
      "O-100_L": 1,
      "I-304_U": 1,
      "I-171_U": 2,
      "O-166_L": 2,
      "I-259_U": 1,
      "O-209_L": 2,
      "O-248_L": 1,
      "I-234_U": 1,
      "O-273_L": 1,
      "I-279_U": 1,
      "O-202_L": 2,
      "O-2_L": 0,
      "O-27_L": 2,
      "I-107_U": 2,
      "O-49_L": 1,
      "I-188_U": 2
    },
    "O-27_L": {
      "O-134_L": 2,
      "I-28_U": 0,
      "O-136_L": 2,
      "depot": 3,
      "O-76_L": 1,
      "O-280_L": 2,
      "I-221_U": 2,
      "O-33_L": 2,
      "O-260_L": 2,
      "I-203_U": 3,
      "O-285_L": 2,
      "I-110_U": 1,
      "I-309_U": 2,
      "I-158_U": 2,
      "I-135_U": 2,
      "O-100_L": 2,
      "I-304_U": 2,
      "I-171_U": 1,
      "O-166_L": 2,
      "I-259_U": 2,
      "O-209_L": 3,
      "O-248_L": 2,
      "I-234_U": 2,
      "O-273_L": 2,
      "I-279_U": 2,
      "O-202_L": 3,
      "O-2_L": 2,
      "O-27_L": 0,
      "I-107_U": 0,
      "O-49_L": 2,
      "I-188_U": 3
    },
    "I-107_U": {
      "O-134_L": 2,
      "I-28_U": 0,
      "O-136_L": 2,
      "depot": 3,
      "O-76_L": 1,
      "O-280_L": 2,
      "I-221_U": 2,
      "O-33_L": 2,
      "O-260_L": 2,
      "I-203_U": 3,
      "O-285_L": 2,
      "I-110_U": 1,
      "I-309_U": 2,
      "I-158_U": 2,
      "I-135_U": 2,
      "O-100_L": 2,
      "I-304_U": 2,
      "I-171_U": 1,
      "O-166_L": 2,
      "I-259_U": 2,
      "O-209_L": 3,
      "O-248_L": 2,
      "I-234_U": 2,
      "O-273_L": 2,
      "I-279_U": 2,
      "O-202_L": 3,
      "O-2_L": 2,
      "O-27_L": 0,
      "I-107_U": 0,
      "O-49_L": 2,
      "I-188_U": 3
    },
    "O-49_L": {
      "O-134_L": 1,
      "I-28_U": 2,
      "O-136_L": 1,
      "depot": 1,
      "O-76_L": 2,
      "O-280_L": 1,
      "I-221_U": 1,
      "O-33_L": 1,
      "O-260_L": 1,
      "I-203_U": 1,
      "O-285_L": 1,
      "I-110_U": 2,
      "I-309_U": 1,
      "I-158_U": 1,
      "I-135_U": 1,
      "O-100_L": 1,
      "I-304_U": 1,
      "I-171_U": 2,
      "O-166_L": 1,
      "I-259_U": 1,
      "O-209_L": 1,
      "O-248_L": 1,
      "I-234_U": 1,
      "O-273_L": 1,
      "I-279_U": 1,
      "O-202_L": 1,
      "O-2_L": 1,
      "O-27_L": 2,
      "I-107_U": 2,
      "O-49_L": 0,
      "I-188_U": 1
    },
    "I-188_U": {
      "O-134_L": 1,
      "I-28_U": 3,
      "O-136_L": 2,
      "depot": 1,
      "O-76_L": 3,
      "O-280_L": 1,
      "I-221_U": 2,
      "O-33_L": 1,
      "O-260_L": 2,
      "I-203_U": 1,
      "O-285_L": 2,
      "I-110_U": 3,
      "I-309_U": 1,
      "I-158_U": 1,
      "I-135_U": 1,
      "O-100_L": 1,
      "I-304_U": 1,
      "I-171_U": 2,
      "O-166_L": 1,
      "I-259_U": 2,
      "O-209_L": 1,
      "O-248_L": 2,
      "I-234_U": 2,
      "O-273_L": 2,
      "I-279_U": 1,
      "O-202_L": 1,
      "O-2_L": 2,
      "O-27_L": 3,
      "I-107_U": 3,
      "O-49_L": 1,
      "I-188_U": 0
    }
  },
  "workers": {
    "3": 13,
    "4": 4,
    "5": 2
  },
  "tasks": [
    "O-2_L",
    "I-28_U",
    "O-27_L",
    "O-33_L",
    "O-49_L",
    "O-76_L",
    "O-100_L",
    "I-107_U",
    "I-110_U",
    "I-135_U",
    "O-134_L",
    "O-136_L",
    "I-158_U",
    "O-166_L",
    "I-171_U",
    "I-188_U",
    "I-203_U",
    "O-202_L",
    "O-209_L",
    "I-221_U",
    "I-234_U",
    "O-248_L",
    "O-260_L",
    "I-259_U",
    "O-273_L",
    "O-280_L",
    "I-279_U",
    "O-285_L",
    "I-304_U",
    "I-309_U"
  ],
  "skill_levels": [
    3,
    4,
    5
  ]
}