{
  "tasks_per_formation": {
    "f_3:1,4:1": [
      "I-173_U",
      "I-46_U",
      "I-144_U",
      "O-21_L",
      "O-96_L",
      "I-152_U",
      "O-56_L",
      "O-101_L",
      "I-102_U"
    ],
    "f_3:1,4:2": [
      "I-144_U",
      "I-102_U"
    ],
    "f_3:2,4:2,5:2": [
      "O-164_L"
    ],
    "f_3:2,4:1": [
      "I-173_U",
      "I-46_U",
      "I-111_U",
      "O-21_L",
      "I-158_U",
      "O-96_L",
      "I-152_U",
      "O-56_L",
      "O-78_L",
      "O-101_L",
      "O-68_L"
    ],
    "f_3:2,4:2": [
      "I-111_U",
      "O-21_L",
      "I-158_U",
      "O-56_L",
      "O-78_L",
      "O-68_L"
    ],
    "f_3:1,4:1,5:1": [
      "O-164_L"
    ],
    "f_3:3": [
      "O-30_L",
      "O-22_L",
      "I-147_U"
    ],
    "f_3:2": [
      "O-179_L",
      "O-30_L",
      "O-22_L",
      "I-147_U",
      "I-77_U"
    ],
    "f_3:2,4:1,5:1": [
      "O-164_L"
    ]
  },
  "modes": {
    "O-179_L": {
      "f_3:2": 2
    },
    "I-173_U": {
      "f_3:2,4:1": 3,
      "f_3:1,4:1": 4
    },
    "O-30_L": {
      "f_3:3": 3,
      "f_3:2": 4
    },
    "O-21_L": {
      "f_3:2,4:1": 4,
      "f_3:2,4:2": 3,
      "f_3:1,4:1": 5
    },
    "O-22_L": {
      "f_3:3": 3,
      "f_3:2": 4
    },
    "O-96_L": {
      "f_3:2,4:1": 3,
      "f_3:1,4:1": 4
    },
    "O-56_L": {
      "f_3:2,4:1": 4,
      "f_3:2,4:2": 3,
      "f_3:1,4:1": 6
    },
    "O-78_L": {
      "f_3:2,4:1": 4,
      "f_3:2,4:2": 3
    },
    "O-68_L": {
      "f_3:2,4:1": 6,
      "f_3:2,4:2": 3
    },
    "I-46_U": {
      "f_3:2,4:1": 3,
      "f_3:1,4:1": 4
    },
    "I-144_U": {
      "f_3:1,4:1": 4,
      "f_3:1,4:2": 3
    },
    "I-111_U": {
      "f_3:2,4:1": 4,
      "f_3:2,4:2": 3
    },
    "I-158_U": {
      "f_3:2,4:1": 4,
      "f_3:2,4:2": 3
    },
    "I-152_U": {
      "f_3:2,4:1": 3,
      "f_3:1,4:1": 4
    },
    "O-164_L": {
      "f_3:1,4:1,5:1": 9,
      "f_3:2,4:2,5:2": 5,
      "f_3:2,4:1,5:1": 7
    },
    "I-147_U": {
      "f_3:3": 2,
      "f_3:2": 3
    },
    "O-101_L": {
      "f_3:2,4:1": 3,
      "f_3:1,4:1": 4
    },
    "I-77_U": {
      "f_3:2": 3
    },
    "I-102_U": {
      "f_3:1,4:1": 4,
      "f_3:1,4:2": 3
    }
  },
  "depot": "depot",
  "instants": [
    96,
    97,
    98,
    99,
    100,
    101,
    102,
    103,
    104,
    105,
    106,
    107,
    108,
    109,
    110,
    111,
    112,
    113,
    114
  ],
  "begin_horizon": 96,
  "end_horizon": 115,
  "earliest_start": {
    "O-179_L": 101,
    "I-173_U": 107,
    "O-30_L": 103,
    "O-21_L": 100,
    "O-22_L": 97,
    "O-96_L": 104,
    "O-56_L": 97,
    "O-78_L": 104,
    "O-68_L": 101,
    "I-46_U": 105,
    "I-144_U": 105,
    "I-111_U": 104,
    "I-158_U": 107,
    "I-152_U": 99,
    "O-164_L": 102,
    "I-147_U": 106,
    "O-101_L": 108,
    "I-77_U": 97,
    "I-102_U": 101
  },
  "latest_start": {
    "O-179_L": 103,
    "I-173_U": 109,
    "O-30_L": 105,
    "O-21_L": 102,
    "O-22_L": 100,
    "O-96_L": 106,
    "O-56_L": 100,
    "O-78_L": 105,
    "O-68_L": 104,
    "I-46_U": 106,
    "I-144_U": 107,
    "I-111_U": 105,
    "I-158_U": 109,
    "I-152_U": 101,
    "O-164_L": 106,
    "I-147_U": 108,
    "O-101_L": 110,
    "I-77_U": 98,
    "I-102_U": 103
  },
  "weights": {
    "O-179_L": 2.0,
    "I-173_U": 2.0,
    "O-30_L": 1.0,
    "O-21_L": 2.0,
    "O-22_L": 1.0,
    "O-96_L": 2.0,
    "O-56_L": 2.0,
    "O-78_L": 2.0,
    "O-68_L": 2.0,
    "I-46_U": 2.0,
    "I-144_U": 2.0,
    "I-111_U": 2.0,
    "I-158_U": 2.0,
    "I-152_U": 2.0,
    "O-164_L": 3.0,
    "I-147_U": 1.0,
    "O-101_L": 2.0,
    "I-77_U": 2.0,
    "I-102_U": 2.0
  },
  "workers_w_d": {
    "3": 22,
    "4": 10,
    "5": 1
  },
  "earliest_finish": {
    "O-179_L": 103,
    "I-173_U": 110,
    "O-30_L": 106,
    "O-21_L": 103,
    "O-22_L": 100,
    "O-96_L": 107,
    "O-56_L": 100,
    "O-78_L": 107,
    "O-68_L": 104,
    "I-46_U": 108,
    "I-144_U": 108,
    "I-111_U": 107,
    "I-158_U": 110,
    "I-152_U": 102,
    "O-164_L": 107,
    "I-147_U": 108,
    "O-101_L": 111,
    "I-77_U": 100,
    "I-102_U": 104
  },
  "formations": {
    "f_3:1,4:1": {
      "3": 1,
      "4": 1
    },
    "f_3:1,4:2": {
      "3": 1,
      "4": 2
    },
    "f_3:2,4:2,5:2": {
      "3": 2,
      "4": 2,
      "5": 2
    },
    "f_3:2,4:1": {
      "3": 2,
      "4": 1
    },
    "f_3:2,4:2": {
      "3": 2,
      "4": 2
    },
    "f_3:1,4:1,5:1": {
      "3": 1,
      "4": 1,
      "5": 1
    },
    "f_3:3": {
      "3": 3
    },
    "f_3:2": {
      "3": 2
    },
    "f_3:2,4:1,5:1": {
      "3": 2,
      "4": 1,
      "5": 1
    }
  },
  "modesSpeedID": {
    "O-179_L": {
      "f_3:2": "s"
    },
    "I-173_U": {
      "f_3:2,4:1": "f",
      "f_3:1,4:1": "s"
    },
    "O-30_L": {
      "f_3:3": "f",
      "f_3:2": "s"
    },
    "O-21_L": {
      "f_3:2,4:1": "i",
      "f_3:2,4:2": "f",
      "f_3:1,4:1": "s"
    },
    "O-22_L": {
      "f_3:3": "f",
      "f_3:2": "s"
    },
    "O-96_L": {
      "f_3:2,4:1": "f",
      "f_3:1,4:1": "s"
    },
    "O-56_L": {
      "f_3:2,4:1": "i",
      "f_3:2,4:2": "f",
      "f_3:1,4:1": "s"
    },
    "O-78_L": {
      "f_3:2,4:1": "i",
      "f_3:2,4:2": "f"
    },
    "O-68_L": {
      "f_3:2,4:1": "i",
      "f_3:2,4:2": "f"
    },
    "I-46_U": {
      "f_3:2,4:1": "f",
      "f_3:1,4:1": "s"
    },
    "I-144_U": {
      "f_3:1,4:1": "s",
      "f_3:1,4:2": "f"
    },
    "I-111_U": {
      "f_3:2,4:1": "i",
      "f_3:2,4:2": "f"
    },
    "I-158_U": {
      "f_3:2,4:1": "i",
      "f_3:2,4:2": "f"
    },
    "I-152_U": {
      "f_3:2,4:1": "f",
      "f_3:1,4:1": "s"
    },
    "O-164_L": {
      "f_3:1,4:1,5:1": "s",
      "f_3:2,4:2,5:2": "f",
      "f_3:2,4:1,5:1": "i"
    },
    "I-147_U": {
      "f_3:3": "f",
      "f_3:2": "s"
    },
    "O-101_L": {
      "f_3:2,4:1": "f",
      "f_3:1,4:1": "s"
    },
    "I-77_U": {
      "f_3:2": "s"
    },
    "I-102_U": {
      "f_3:1,4:1": "s",
      "f_3:1,4:2": "f"
    }
  },
  "formations_w_d": {
    "f_3:1,4:1": {
      "3": 2,
      "4": 1
    },
    "f_3:1,4:2": {
      "3": 3,
      "4": 2
    },
    "f_3:2,4:2,5:2": {
      "3": 6,
      "4": 4,
      "5": 2
    },
    "f_3:2,4:1": {
      "3": 3,
      "4": 1
    },
    "f_3:2,4:2": {
      "3": 4,
      "4": 2
    },
    "f_3:1,4:1,5:1": {
      "3": 3,
      "4": 2,
      "5": 1
    },
    "f_3:3": {
      "3": 3
    },
    "f_3:2": {
      "3": 2
    },
    "f_3:2,4:1,5:1": {
      "3": 4,
      "4": 2,
      "5": 1
    }
  },
  "latest_finish": {
    "O-179_L": 105,
    "I-173_U": 112,
    "O-30_L": 108,
    "O-21_L": 105,
    "O-22_L": 103,
    "O-96_L": 109,
    "O-56_L": 103,
    "O-78_L": 108,
    "O-68_L": 107,
    "I-46_U": 109,
    "I-144_U": 110,
    "I-111_U": 108,
    "I-158_U": 112,
    "I-152_U": 104,
    "O-164_L": 111,
    "I-147_U": 110,
    "O-101_L": 113,
    "I-77_U": 101,
    "I-102_U": 106
  },
  "travel_times": {
    "O-179_L": {
      "O-179_L": 0,
      "I-173_U": 2,
      "depot": 3,
      "O-30_L": 1,
      "O-21_L": 0,
      "O-22_L": 2,
      "O-96_L": 2,
      "O-56_L": 2,
      "O-78_L": 2,
      "O-68_L": 2,
      "I-46_U": 3,
      "I-144_U": 2,
      "I-111_U": 2,
      "I-158_U": 2,
      "I-152_U": 2,
      "O-164_L": 2,
      "I-147_U": 2,
      "O-101_L": 3,
      "I-77_U": 2,
      "I-102_U": 3
    },
    "I-173_U": {
      "O-179_L": 2,
      "I-173_U": 0,
      "depot": 1,
      "O-30_L": 2,
      "O-21_L": 2,
      "O-22_L": 1,
      "O-96_L": 1,
      "O-56_L": 1,
      "O-78_L": 1,
      "O-68_L": 1,
      "I-46_U": 2,
      "I-144_U": 1,
      "I-111_U": 1,
      "I-158_U": 1,
      "I-152_U": 1,
      "O-164_L": 1,
      "I-147_U": 1,
      "O-101_L": 2,
      "I-77_U": 1,
      "I-102_U": 2
    },
    "depot": {
      "O-179_L": 3,
      "I-173_U": 1,
      "O-30_L": 3,
      "O-21_L": 3,
      "O-22_L": 1,
      "O-96_L": 2,
      "O-56_L": 1,
      "O-78_L": 1,
      "O-68_L": 1,
      "I-46_U": 1,
      "I-144_U": 1,
      "I-111_U": 1,
      "I-158_U": 2,
      "I-152_U": 1,
      "O-164_L": 1,
      "I-147_U": 1,
      "O-101_L": 1,
      "I-77_U": 1,
      "I-102_U": 1
    },
    "O-30_L": {
      "O-179_L": 1,
      "I-173_U": 2,
      "depot": 3,
      "O-30_L": 0,
      "O-21_L": 1,
      "O-22_L": 2,
      "O-96_L": 2,
      "O-56_L": 2,
      "O-78_L": 3,
      "O-68_L": 2,
      "I-46_U": 3,
      "I-144_U": 2,
      "I-111_U": 2,
      "I-158_U": 2,
      "I-152_U": 3,
      "O-164_L": 3,
      "I-147_U": 3,
      "O-101_L": 3,
      "I-77_U": 3,
      "I-102_U": 3
    },
    "O-21_L": {
      "O-179_L": 0,
      "I-173_U": 2,
      "depot": 3,
      "O-30_L": 1,
      "O-21_L": 0,
      "O-22_L": 2,
      "O-96_L": 2,
      "O-56_L": 2,
      "O-78_L": 2,
      "O-68_L": 2,
      "I-46_U": 3,
      "I-144_U": 2,
      "I-111_U": 2,
      "I-158_U": 2,
      "I-152_U": 2,
      "O-164_L": 2,
      "I-147_U": 2,
      "O-101_L": 3,
      "I-77_U": 2,
      "I-102_U": 3
    },
    "O-22_L": {
      "O-179_L": 2,
      "I-173_U": 1,
      "depot": 1,
      "O-30_L": 2,
      "O-21_L": 2,
      "O-22_L": 0,
      "O-96_L": 1,
      "O-56_L": 1,
      "O-78_L": 1,
      "O-68_L": 1,
      "I-46_U": 1,
      "I-144_U": 1,
      "I-111_U": 1,
      "I-158_U": 1,
      "I-152_U": 1,
      "O-164_L": 1,
      "I-147_U": 1,
      "O-101_L": 1,
      "I-77_U": 1,
      "I-102_U": 1
    },
    "O-96_L": {
      "O-179_L": 2,
      "I-173_U": 1,
      "depot": 2,
      "O-30_L": 2,
      "O-21_L": 2,
      "O-22_L": 1,
      "O-96_L": 0,
      "O-56_L": 1,
      "O-78_L": 1,
      "O-68_L": 1,
      "I-46_U": 2,
      "I-144_U": 1,
      "I-111_U": 1,
      "I-158_U": 1,
      "I-152_U": 1,
      "O-164_L": 1,
      "I-147_U": 1,
      "O-101_L": 2,
      "I-77_U": 1,
      "I-102_U": 2
    },
    "O-56_L": {
      "O-179_L": 2,
      "I-173_U": 1,
      "depot": 1,
      "O-30_L": 2,
      "O-21_L": 2,
      "O-22_L": 1,
      "O-96_L": 1,
      "O-56_L": 0,
      "O-78_L": 1,
      "O-68_L": 1,
      "I-46_U": 1,
      "I-144_U": 1,
      "I-111_U": 1,
      "I-158_U": 1,
      "I-152_U": 1,
      "O-164_L": 1,
      "I-147_U": 1,
      "O-101_L": 1,
      "I-77_U": 1,
      "I-102_U": 1
    },
    "O-78_L": {
      "O-179_L": 2,
      "I-173_U": 1,
      "depot": 1,
      "O-30_L": 3,
      "O-21_L": 2,
      "O-22_L": 1,
      "O-96_L": 1,
      "O-56_L": 1,
      "O-78_L": 0,
      "O-68_L": 1,
      "I-46_U": 1,
      "I-144_U": 1,
      "I-111_U": 1,
      "I-158_U": 1,
      "I-152_U": 1,
      "O-164_L": 1,
      "I-147_U": 1,
      "O-101_L": 1,
      "I-77_U": 0,
      "I-102_U": 1
    },
    "O-68_L": {
      "O-179_L": 2,
      "I-173_U": 1,
      "depot": 1,
      "O-30_L": 2,
      "O-21_L": 2,
      "O-22_L": 1,
      "O-96_L": 1,
      "O-56_L": 1,
      "O-78_L": 1,
      "O-68_L": 0,
      "I-46_U": 1,
      "I-144_U": 0,
      "I-111_U": 0,
      "I-158_U": 1,
      "I-152_U": 1,
      "O-164_L": 1,
      "I-147_U": 1,
      "O-101_L": 2,
      "I-77_U": 1,
      "I-102_U": 2
    },
    "I-46_U": {
      "O-179_L": 3,
      "I-173_U": 2,
      "depot": 1,
      "O-30_L": 3,
      "O-21_L": 3,
      "O-22_L": 1,
      "O-96_L": 2,
      "O-56_L": 1,
      "O-78_L": 1,
      "O-68_L": 1,
      "I-46_U": 0,
      "I-144_U": 1,
      "I-111_U": 1,
      "I-158_U": 2,
      "I-152_U": 1,
      "O-164_L": 1,
      "I-147_U": 1,
      "O-101_L": 1,
      "I-77_U": 1,
      "I-102_U": 1
    },
    "I-144_U": {
      "O-179_L": 2,
      "I-173_U": 1,
      "depot": 1,
      "O-30_L": 2,
      "O-21_L": 2,
      "O-22_L": 1,
      "O-96_L": 1,
      "O-56_L": 1,
      "O-78_L": 1,
      "O-68_L": 0,
      "I-46_U": 1,
      "I-144_U": 0,
      "I-111_U": 0,
      "I-158_U": 1,
      "I-152_U": 1,
      "O-164_L": 1,
      "I-147_U": 1,
      "O-101_L": 2,
      "I-77_U": 1,
      "I-102_U": 2
    },
    "I-111_U": {
      "O-179_L": 2,
      "I-173_U": 1,
      "depot": 1,
      "O-30_L": 2,
      "O-21_L": 2,
      "O-22_L": 1,
      "O-96_L": 1,
      "O-56_L": 1,
      "O-78_L": 1,
      "O-68_L": 0,
      "I-46_U": 1,
      "I-144_U": 0,
      "I-111_U": 0,
      "I-158_U": 1,
      "I-152_U": 1,
      "O-164_L": 1,
      "I-147_U": 1,
      "O-101_L": 2,
      "I-77_U": 1,
      "I-102_U": 2
    },
    "I-158_U": {
      "O-179_L": 2,
      "I-173_U": 1,
      "depot": 2,
      "O-30_L": 2,
      "O-21_L": 2,
      "O-22_L": 1,
      "O-96_L": 1,
      "O-56_L": 1,
      "O-78_L": 1,
      "O-68_L": 1,
      "I-46_U": 2,
      "I-144_U": 1,
      "I-111_U": 1,
      "I-158_U": 0,
      "I-152_U": 1,
      "O-164_L": 1,
      "I-147_U": 1,
      "O-101_L": 2,
      "I-77_U": 1,
      "I-102_U": 2
    },
    "I-152_U": {
      "O-179_L": 2,
      "I-173_U": 1,
      "depot": 1,
      "O-30_L": 3,
      "O-21_L": 2,
      "O-22_L": 1,
      "O-96_L": 1,
      "O-56_L": 1,
      "O-78_L": 1,
      "O-68_L": 1,
      "I-46_U": 1,
      "I-144_U": 1,
      "I-111_U": 1,
      "I-158_U": 1,
      "I-152_U": 0,
      "O-164_L": 1,
      "I-147_U": 1,
      "O-101_L": 1,
      "I-77_U": 1,
      "I-102_U": 1
    },
    "O-164_L": {
      "O-179_L": 2,
      "I-173_U": 1,
      "depot": 1,
      "O-30_L": 3,
      "O-21_L": 2,
      "O-22_L": 1,
      "O-96_L": 1,
      "O-56_L": 1,
      "O-78_L": 1,
      "O-68_L": 1,
      "I-46_U": 1,
      "I-144_U": 1,
      "I-111_U": 1,
      "I-158_U": 1,
      "I-152_U": 1,
      "O-164_L": 0,
      "I-147_U": 1,
      "O-101_L": 1,
      "I-77_U": 1,
      "I-102_U": 1
    },
    "I-147_U": {
      "O-179_L": 2,
      "I-173_U": 1,
      "depot": 1,
      "O-30_L": 3,
      "O-21_L": 2,
      "O-22_L": 1,
      "O-96_L": 1,
      "O-56_L": 1,
      "O-78_L": 1,
      "O-68_L": 1,
      "I-46_U": 1,
      "I-144_U": 1,
      "I-111_U": 1,
      "I-158_U": 1,
      "I-152_U": 1,
      "O-164_L": 1,
      "I-147_U": 0,
      "O-101_L": 1,
      "I-77_U": 1,
      "I-102_U": 1
    },
    "O-101_L": {
      "O-179_L": 3,
      "I-173_U": 2,
      "depot": 1,
      "O-30_L": 3,
      "O-21_L": 3,
      "O-22_L": 1,
      "O-96_L": 2,
      "O-56_L": 1,
      "O-78_L": 1,
      "O-68_L": 2,
      "I-46_U": 1,
      "I-144_U": 2,
      "I-111_U": 2,
      "I-158_U": 2,
      "I-152_U": 1,
      "O-164_L": 1,
      "I-147_U": 1,
      "O-101_L": 0,
      "I-77_U": 1,
      "I-102_U": 0
    },
    "I-77_U": {
      "O-179_L": 2,
      "I-173_U": 1,
      "depot": 1,
      "O-30_L": 3,
      "O-21_L": 2,
      "O-22_L": 1,
      "O-96_L": 1,
      "O-56_L": 1,
      "O-78_L": 0,
      "O-68_L": 1,
      "I-46_U": 1,
      "I-144_U": 1,
      "I-111_U": 1,
      "I-158_U": 1,
      "I-152_U": 1,
      "O-164_L": 1,
      "I-147_U": 1,
      "O-101_L": 1,
      "I-77_U": 0,
      "I-102_U": 1
    },
    "I-102_U": {
      "O-179_L": 3,
      "I-173_U": 2,
      "depot": 1,
      "O-30_L": 3,
      "O-21_L": 3,
      "O-22_L": 1,
      "O-96_L": 2,
      "O-56_L": 1,
      "O-78_L": 1,
      "O-68_L": 2,
      "I-46_U": 1,
      "I-144_U": 2,
      "I-111_U": 2,
      "I-158_U": 2,
      "I-152_U": 1,
      "O-164_L": 1,
      "I-147_U": 1,
      "O-101_L": 0,
      "I-77_U": 1,
      "I-102_U": 0
    }
  },
  "workers": {
    "3": 12,
    "4": 9,
    "5": 1
  },
  "tasks": [
    "O-21_L",
    "O-22_L",
    "O-30_L",
    "I-46_U",
    "O-56_L",
    "O-68_L",
    "I-77_U",
    "O-78_L",
    "O-96_L",
    "O-101_L",
    "I-102_U",
    "I-111_U",
    "I-144_U",
    "I-147_U",
    "I-152_U",
    "I-158_U",
    "O-164_L",
    "I-173_U",
    "O-179_L"
  ],
  "skill_levels": [
    3,
    4,
    5
  ]
}