{
  "tasks_per_formation": {
    "f_3:1,4:1": [
      "I-50_U",
      "I-71_U",
      "I-52_U",
      "O-72_L",
      "O-77_L",
      "O-55_L",
      "I-54_U",
      "O-37_L",
      "I-56_U"
    ],
    "f_3:1,4:2": [
      "O-72_L",
      "O-77_L",
      "I-54_U",
      "I-56_U"
    ],
    "f_3:2,4:1": [
      "I-50_U",
      "I-71_U",
      "I-52_U",
      "I-80_U",
      "I-33_U",
      "O-55_L",
      "I-16_U",
      "I-76_U",
      "I-75_U",
      "O-37_L"
    ],
    "f_3:2,4:2": [
      "I-50_U",
      "I-71_U",
      "I-80_U",
      "I-33_U",
      "I-76_U",
      "I-75_U",
      "O-37_L"
    ],
    "f_3:3": [
      "I-94_U",
      "O-95_L",
      "I-70_U",
      "O-1_L"
    ],
    "f_3:2": [
      "I-94_U",
      "O-95_L",
      "I-70_U",
      "O-7_L",
      "I-0_U",
      "O-1_L"
    ]
  },
  "modes": {
    "O-72_L": {
      "f_3:1,4:1": 4,
      "f_3:1,4:2": 3
    },
    "O-95_L": {
      "f_3:3": 3,
      "f_3:2": 4
    },
    "O-7_L": {
      "f_3:2": 3
    },
    "O-77_L": {
      "f_3:1,4:1": 4,
      "f_3:1,4:2": 3
    },
    "O-55_L": {
      "f_3:2,4:1": 3,
      "f_3:1,4:1": 4
    },
    "O-1_L": {
      "f_3:3": 3,
      "f_3:2": 4
    },
    "O-37_L": {
      "f_3:2,4:1": 4,
      "f_3:2,4:2": 3,
      "f_3:1,4:1": 5
    },
    "I-50_U": {
      "f_3:2,4:1": 4,
      "f_3:2,4:2": 3,
      "f_3:1,4:1": 5
    },
    "I-71_U": {
      "f_3:2,4:1": 4,
      "f_3:2,4:2": 3,
      "f_3:1,4:1": 5
    },
    "I-52_U": {
      "f_3:2,4:1": 3,
      "f_3:1,4:1": 4
    },
    "I-94_U": {
      "f_3:3": 3,
      "f_3:2": 4
    },
    "I-80_U": {
      "f_3:2,4:1": 4,
      "f_3:2,4:2": 3
    },
    "I-70_U": {
      "f_3:3": 3,
      "f_3:2": 4
    },
    "I-33_U": {
      "f_3:2,4:1": 4,
      "f_3:2,4:2": 3
    },
    "I-0_U": {
      "f_3:2": 3
    },
    "I-16_U": {
      "f_3:2,4:1": 3
    },
    "I-76_U": {
      "f_3:2,4:1": 4,
      "f_3:2,4:2": 3
    },
    "I-54_U": {
      "f_3:1,4:1": 4,
      "f_3:1,4:2": 3
    },
    "I-75_U": {
      "f_3:2,4:1": 5,
      "f_3:2,4:2": 3
    },
    "I-56_U": {
      "f_3:1,4:1": 4,
      "f_3:1,4:2": 3
    }
  },
  "depot": "depot",
  "instants": [
    95,
    96,
    97,
    98,
    99,
    100,
    101,
    102,
    103,
    104,
    105,
    106,
    107,
    108,
    109,
    110,
    111,
    112,
    113,
    114,
    115,
    116
  ],
  "begin_horizon": 95,
  "end_horizon": 117,
  "earliest_start": {
    "O-72_L": 107,
    "O-95_L": 106,
    "O-7_L": 108,
    "O-77_L": 105,
    "O-55_L": 108,
    "O-1_L": 105,
    "O-37_L": 100,
    "I-50_U": 105,
    "I-71_U": 98,
    "I-52_U": 106,
    "I-94_U": 102,
    "I-80_U": 108,
    "I-70_U": 101,
    "I-33_U": 102,
    "I-0_U": 98,
    "I-16_U": 107,
    "I-76_U": 97,
    "I-54_U": 102,
    "I-75_U": 99,
    "I-56_U": 108
  },
  "latest_start": {
    "O-72_L": 108,
    "O-95_L": 107,
    "O-7_L": 110,
    "O-77_L": 106,
    "O-55_L": 110,
    "O-1_L": 107,
    "O-37_L": 102,
    "I-50_U": 107,
    "I-71_U": 100,
    "I-52_U": 109,
    "I-94_U": 103,
    "I-80_U": 109,
    "I-70_U": 102,
    "I-33_U": 103,
    "I-0_U": 99,
    "I-16_U": 108,
    "I-76_U": 99,
    "I-54_U": 105,
    "I-75_U": 101,
    "I-56_U": 109
  },
  "weights": {
    "O-72_L": 2.0,
    "O-95_L": 1.0,
    "O-7_L": 1.0,
    "O-77_L": 2.0,
    "O-55_L": 2.0,
    "O-1_L": 1.0,
    "O-37_L": 2.0,
    "I-50_U": 2.0,
    "I-71_U": 2.0,
    "I-52_U": 2.0,
    "I-94_U": 1.0,
    "I-80_U": 2.0,
    "I-70_U": 1.0,
    "I-33_U": 2.0,
    "I-0_U": 1.0,
    "I-16_U": 2.0,
    "I-76_U": 2.0,
    "I-54_U": 2.0,
    "I-75_U": 2.0,
    "I-56_U": 2.0
  },
  "workers_w_d": {
    "3": 13,
    "4": 5,
    "5": 0
  },
  "earliest_finish": {
    "O-72_L": 110,
    "O-95_L": 109,
    "O-7_L": 111,
    "O-77_L": 108,
    "O-55_L": 111,
    "O-1_L": 108,
    "O-37_L": 103,
    "I-50_U": 108,
    "I-71_U": 101,
    "I-52_U": 109,
    "I-94_U": 105,
    "I-80_U": 111,
    "I-70_U": 104,
    "I-33_U": 105,
    "I-0_U": 101,
    "I-16_U": 110,
    "I-76_U": 100,
    "I-54_U": 105,
    "I-75_U": 102,
    "I-56_U": 111
  },
  "formations": {
    "f_3:1,4:1": {
      "3": 1,
      "4": 1
    },
    "f_3:1,4:2": {
      "3": 1,
      "4": 2
    },
    "f_3:2,4:1": {
      "3": 2,
      "4": 1
    },
    "f_3:2,4:2": {
      "3": 2,
      "4": 2
    },
    "f_3:3": {
      "3": 3
    },
    "f_3:2": {
      "3": 2
    }
  },
  "modesSpeedID": {
    "O-72_L": {
      "f_3:1,4:1": "s",
      "f_3:1,4:2": "f"
    },
    "O-95_L": {
      "f_3:3": "f",
      "f_3:2": "s"
    },
    "O-7_L": {
      "f_3:2": "s"
    },
    "O-77_L": {
      "f_3:1,4:1": "s",
      "f_3:1,4:2": "f"
    },
    "O-55_L": {
      "f_3:2,4:1": "f",
      "f_3:1,4:1": "s"
    },
    "O-1_L": {
      "f_3:3": "f",
      "f_3:2": "s"
    },
    "O-37_L": {
      "f_3:2,4:1": "i",
      "f_3:2,4:2": "f",
      "f_3:1,4:1": "s"
    },
    "I-50_U": {
      "f_3:2,4:1": "i",
      "f_3:2,4:2": "f",
      "f_3:1,4:1": "s"
    },
    "I-71_U": {
      "f_3:2,4:1": "i",
      "f_3:2,4:2": "f",
      "f_3:1,4:1": "s"
    },
    "I-52_U": {
      "f_3:2,4:1": "f",
      "f_3:1,4:1": "s"
    },
    "I-94_U": {
      "f_3:3": "f",
      "f_3:2": "s"
    },
    "I-80_U": {
      "f_3:2,4:1": "i",
      "f_3:2,4:2": "f"
    },
    "I-70_U": {
      "f_3:3": "f",
      "f_3:2": "s"
    },
    "I-33_U": {
      "f_3:2,4:1": "i",
      "f_3:2,4:2": "f"
    },
    "I-0_U": {
      "f_3:2": "s"
    },
    "I-16_U": {
      "f_3:2,4:1": "i"
    },
    "I-76_U": {
      "f_3:2,4:1": "i",
      "f_3:2,4:2": "f"
    },
    "I-54_U": {
      "f_3:1,4:1": "s",
      "f_3:1,4:2": "f"
    },
    "I-75_U": {
      "f_3:2,4:1": "i",
      "f_3:2,4:2": "f"
    },
    "I-56_U": {
      "f_3:1,4:1": "s",
      "f_3:1,4:2": "f"
    }
  },
  "formations_w_d": {
    "f_3:1,4:1": {
      "3": 2,
      "4": 1
    },
    "f_3:1,4:2": {
      "3": 3,
      "4": 2
    },
    "f_3:2,4:1": {
      "3": 3,
      "4": 1
    },
    "f_3:2,4:2": {
      "3": 4,
      "4": 2
    },
    "f_3:3": {
      "3": 3
    },
    "f_3:2": {
      "3": 2
    }
  },
  "latest_finish": {
    "O-72_L": 111,
    "O-95_L": 110,
    "O-7_L": 113,
    "O-77_L": 109,
    "O-55_L": 113,
    "O-1_L": 110,
    "O-37_L": 105,
    "I-50_U": 110,
    "I-71_U": 103,
    "I-52_U": 112,
    "I-94_U": 106,
    "I-80_U": 112,
    "I-70_U": 105,
    "I-33_U": 106,
    "I-0_U": 102,
    "I-16_U": 111,
    "I-76_U": 102,
    "I-54_U": 108,
    "I-75_U": 104,
    "I-56_U": 112
  },
  "travel_times": {
    "O-72_L": {
      "O-72_L": 0,
      "O-95_L": 3,
      "depot": 3,
      "O-7_L": 2,
      "O-77_L": 3,
      "O-55_L": 1,
      "O-1_L": 1,
      "O-37_L": 2,
      "I-50_U": 3,
      "I-71_U": 0,
      "I-52_U": 1,
      "I-94_U": 3,
      "I-80_U": 2,
      "I-70_U": 2,
      "I-33_U": 3,
      "I-0_U": 1,
      "I-16_U": 1,
      "I-76_U": 3,
      "I-54_U": 1,
      "I-75_U": 2,
      "I-56_U": 3
    },
    "O-95_L": {
      "O-72_L": 3,
      "O-95_L": 0,
      "depot": 1,
      "O-7_L": 1,
      "O-77_L": 1,
      "O-55_L": 2,
      "O-1_L": 2,
      "O-37_L": 1,
      "I-50_U": 1,
      "I-71_U": 3,
      "I-52_U": 3,
      "I-94_U": 0,
      "I-80_U": 1,
      "I-70_U": 1,
      "I-33_U": 1,
      "I-0_U": 2,
      "I-16_U": 2,
      "I-76_U": 1,
      "I-54_U": 2,
      "I-75_U": 1,
      "I-56_U": 1
    },
    "depot": {
      "O-72_L": 3,
      "O-95_L": 1,
      "O-7_L": 1,
      "O-77_L": 1,
      "O-55_L": 3,
      "O-1_L": 2,
      "O-37_L": 1,
      "I-50_U": 1,
      "I-71_U": 3,
      "I-52_U": 3,
      "I-94_U": 1,
      "I-80_U": 2,
      "I-70_U": 2,
      "I-33_U": 0,
      "I-0_U": 2,
      "I-16_U": 3,
      "I-76_U": 1,
      "I-54_U": 3,
      "I-75_U": 2,
      "I-56_U": 1
    },
    "O-7_L": {
      "O-72_L": 2,
      "O-95_L": 1,
      "depot": 1,
      "O-7_L": 0,
      "O-77_L": 1,
      "O-55_L": 2,
      "O-1_L": 2,
      "O-37_L": 1,
      "I-50_U": 1,
      "I-71_U": 2,
      "I-52_U": 2,
      "I-94_U": 1,
      "I-80_U": 1,
      "I-70_U": 1,
      "I-33_U": 1,
      "I-0_U": 2,
      "I-16_U": 2,
      "I-76_U": 1,
      "I-54_U": 2,
      "I-75_U": 1,
      "I-56_U": 1
    },
    "O-77_L": {
      "O-72_L": 3,
      "O-95_L": 1,
      "depot": 1,
      "O-7_L": 1,
      "O-77_L": 0,
      "O-55_L": 3,
      "O-1_L": 3,
      "O-37_L": 1,
      "I-50_U": 1,
      "I-71_U": 3,
      "I-52_U": 3,
      "I-94_U": 1,
      "I-80_U": 2,
      "I-70_U": 2,
      "I-33_U": 1,
      "I-0_U": 3,
      "I-16_U": 3,
      "I-76_U": 0,
      "I-54_U": 3,
      "I-75_U": 2,
      "I-56_U": 1
    },
    "O-55_L": {
      "O-72_L": 1,
      "O-95_L": 2,
      "depot": 3,
      "O-7_L": 2,
      "O-77_L": 3,
      "O-55_L": 0,
      "O-1_L": 1,
      "O-37_L": 2,
      "I-50_U": 2,
      "I-71_U": 1,
      "I-52_U": 1,
      "I-94_U": 2,
      "I-80_U": 2,
      "I-70_U": 2,
      "I-33_U": 3,
      "I-0_U": 1,
      "I-16_U": 0,
      "I-76_U": 3,
      "I-54_U": 0,
      "I-75_U": 2,
      "I-56_U": 3
    },
    "O-1_L": {
      "O-72_L": 1,
      "O-95_L": 2,
      "depot": 2,
      "O-7_L": 2,
      "O-77_L": 3,
      "O-55_L": 1,
      "O-1_L": 0,
      "O-37_L": 2,
      "I-50_U": 2,
      "I-71_U": 1,
      "I-52_U": 1,
      "I-94_U": 2,
      "I-80_U": 2,
      "I-70_U": 2,
      "I-33_U": 2,
      "I-0_U": 0,
      "I-16_U": 1,
      "I-76_U": 3,
      "I-54_U": 1,
      "I-75_U": 2,
      "I-56_U": 2
    },
    "O-37_L": {
      "O-72_L": 2,
      "O-95_L": 1,
      "depot": 1,
      "O-7_L": 1,
      "O-77_L": 1,
      "O-55_L": 2,
      "O-1_L": 2,
      "O-37_L": 0,
      "I-50_U": 1,
      "I-71_U": 2,
      "I-52_U": 2,
      "I-94_U": 1,
      "I-80_U": 1,
      "I-70_U": 1,
      "I-33_U": 1,
      "I-0_U": 2,
      "I-16_U": 2,
      "I-76_U": 1,
      "I-54_U": 2,
      "I-75_U": 1,
      "I-56_U": 1
    },
    "I-50_U": {
      "O-72_L": 3,
      "O-95_L": 1,
      "depot": 1,
      "O-7_L": 1,
      "O-77_L": 1,
      "O-55_L": 2,
      "O-1_L": 2,
      "O-37_L": 1,
      "I-50_U": 0,
      "I-71_U": 3,
      "I-52_U": 3,
      "I-94_U": 1,
      "I-80_U": 1,
      "I-70_U": 1,
      "I-33_U": 1,
      "I-0_U": 2,
      "I-16_U": 2,
      "I-76_U": 1,
      "I-54_U": 2,
      "I-75_U": 1,
      "I-56_U": 1
    },
    "I-71_U": {
      "O-72_L": 0,
      "O-95_L": 3,
      "depot": 3,
      "O-7_L": 2,
      "O-77_L": 3,
      "O-55_L": 1,
      "O-1_L": 1,
      "O-37_L": 2,
      "I-50_U": 3,
      "I-71_U": 0,
      "I-52_U": 1,
      "I-94_U": 3,
      "I-80_U": 2,
      "I-70_U": 2,
      "I-33_U": 3,
      "I-0_U": 1,
      "I-16_U": 1,
      "I-76_U": 3,
      "I-54_U": 1,
      "I-75_U": 2,
      "I-56_U": 3
    },
    "I-52_U": {
      "O-72_L": 1,
      "O-95_L": 3,
      "depot": 3,
      "O-7_L": 2,
      "O-77_L": 3,
      "O-55_L": 1,
      "O-1_L": 1,
      "O-37_L": 2,
      "I-50_U": 3,
      "I-71_U": 1,
      "I-52_U": 0,
      "I-94_U": 3,
      "I-80_U": 2,
      "I-70_U": 2,
      "I-33_U": 3,
      "I-0_U": 1,
      "I-16_U": 1,
      "I-76_U": 3,
      "I-54_U": 1,
      "I-75_U": 2,
      "I-56_U": 3
    },
    "I-94_U": {
      "O-72_L": 3,
      "O-95_L": 0,
      "depot": 1,
      "O-7_L": 1,
      "O-77_L": 1,
      "O-55_L": 2,
      "O-1_L": 2,
      "O-37_L": 1,
      "I-50_U": 1,
      "I-71_U": 3,
      "I-52_U": 3,
      "I-94_U": 0,
      "I-80_U": 1,
      "I-70_U": 1,
      "I-33_U": 1,
      "I-0_U": 2,
      "I-16_U": 2,
      "I-76_U": 1,
      "I-54_U": 2,
      "I-75_U": 1,
      "I-56_U": 1
    },
    "I-80_U": {
      "O-72_L": 2,
      "O-95_L": 1,
      "depot": 2,
      "O-7_L": 1,
      "O-77_L": 2,
      "O-55_L": 2,
      "O-1_L": 2,
      "O-37_L": 1,
      "I-50_U": 1,
      "I-71_U": 2,
      "I-52_U": 2,
      "I-94_U": 1,
      "I-80_U": 0,
      "I-70_U": 1,
      "I-33_U": 2,
      "I-0_U": 2,
      "I-16_U": 2,
      "I-76_U": 2,
      "I-54_U": 2,
      "I-75_U": 1,
      "I-56_U": 2
    },
    "I-70_U": {
      "O-72_L": 2,
      "O-95_L": 1,
      "depot": 2,
      "O-7_L": 1,
      "O-77_L": 2,
      "O-55_L": 2,
      "O-1_L": 2,
      "O-37_L": 1,
      "I-50_U": 1,
      "I-71_U": 2,
      "I-52_U": 2,
      "I-94_U": 1,
      "I-80_U": 1,
      "I-70_U": 0,
      "I-33_U": 2,
      "I-0_U": 2,
      "I-16_U": 2,
      "I-76_U": 2,
      "I-54_U": 2,
      "I-75_U": 1,
      "I-56_U": 2
    },
    "I-33_U": {
      "O-72_L": 3,
      "O-95_L": 1,
      "depot": 0,
      "O-7_L": 1,
      "O-77_L": 1,
      "O-55_L": 3,
      "O-1_L": 2,
      "O-37_L": 1,
      "I-50_U": 1,
      "I-71_U": 3,
      "I-52_U": 3,
      "I-94_U": 1,
      "I-80_U": 2,
      "I-70_U": 2,
      "I-33_U": 0,
      "I-0_U": 2,
      "I-16_U": 3,
      "I-76_U": 1,
      "I-54_U": 3,
      "I-75_U": 2,
      "I-56_U": 1
    },
    "I-0_U": {
      "O-72_L": 1,
      "O-95_L": 2,
      "depot": 2,
      "O-7_L": 2,
      "O-77_L": 3,
      "O-55_L": 1,
      "O-1_L": 0,
      "O-37_L": 2,
      "I-50_U": 2,
      "I-71_U": 1,
      "I-52_U": 1,
      "I-94_U": 2,
      "I-80_U": 2,
      "I-70_U": 2,
      "I-33_U": 2,
      "I-0_U": 0,
      "I-16_U": 1,
      "I-76_U": 3,
      "I-54_U": 1,
      "I-75_U": 2,
      "I-56_U": 2
    },
    "I-16_U": {
      "O-72_L": 1,
      "O-95_L": 2,
      "depot": 3,
      "O-7_L": 2,
      "O-77_L": 3,
      "O-55_L": 0,
      "O-1_L": 1,
      "O-37_L": 2,
      "I-50_U": 2,
      "I-71_U": 1,
      "I-52_U": 1,
      "I-94_U": 2,
      "I-80_U": 2,
      "I-70_U": 2,
      "I-33_U": 3,
      "I-0_U": 1,
      "I-16_U": 0,
      "I-76_U": 3,
      "I-54_U": 0,
      "I-75_U": 2,
      "I-56_U": 3
    },
    "I-76_U": {
      "O-72_L": 3,
      "O-95_L": 1,
      "depot": 1,
      "O-7_L": 1,
      "O-77_L": 0,
      "O-55_L": 3,
      "O-1_L": 3,
      "O-37_L": 1,
      "I-50_U": 1,
      "I-71_U": 3,
      "I-52_U": 3,
      "I-94_U": 1,
      "I-80_U": 2,
      "I-70_U": 2,
      "I-33_U": 1,
      "I-0_U": 3,
      "I-16_U": 3,
      "I-76_U": 0,
      "I-54_U": 3,
      "I-75_U": 2,
      "I-56_U": 1
    },
    "I-54_U": {
      "O-72_L": 1,
      "O-95_L": 2,
      "depot": 3,
      "O-7_L": 2,
      "O-77_L": 3,
      "O-55_L": 0,
      "O-1_L": 1,
      "O-37_L": 2,
      "I-50_U": 2,
      "I-71_U": 1,
      "I-52_U": 1,
      "I-94_U": 2,
      "I-80_U": 2,
      "I-70_U": 2,
      "I-33_U": 3,
      "I-0_U": 1,
      "I-16_U": 0,
      "I-76_U": 3,
      "I-54_U": 0,
      "I-75_U": 2,
      "I-56_U": 3
    },
    "I-75_U": {
      "O-72_L": 2,
      "O-95_L": 1,
      "depot": 2,
      "O-7_L": 1,
      "O-77_L": 2,
      "O-55_L": 2,
      "O-1_L": 2,
      "O-37_L": 1,
      "I-50_U": 1,
      "I-71_U": 2,
      "I-52_U": 2,
      "I-94_U": 1,
      "I-80_U": 1,
      "I-70_U": 1,
      "I-33_U": 2,
      "I-0_U": 2,
      "I-16_U": 2,
      "I-76_U": 2,
      "I-54_U": 2,
      "I-75_U": 0,
      "I-56_U": 2
    },
    "I-56_U": {
      "O-72_L": 3,
      "O-95_L": 1,
      "depot": 1,
      "O-7_L": 1,
      "O-77_L": 1,
      "O-55_L": 3,
      "O-1_L": 2,
      "O-37_L": 1,
      "I-50_U": 1,
      "I-71_U": 3,
      "I-52_U": 3,
      "I-94_U": 1,
      "I-80_U": 2,
      "I-70_U": 2,
      "I-33_U": 1,
      "I-0_U": 2,
      "I-16_U": 3,
      "I-76_U": 1,
      "I-54_U": 3,
      "I-75_U": 2,
      "I-56_U": 0
    }
  },
  "workers": {
    "3": 8,
    "4": 5,
    "5": 0
  },
  "tasks": [
    "O-1_L",
    "I-0_U",
    "O-7_L",
    "I-16_U",
    "I-33_U",
    "O-37_L",
    "I-50_U",
    "I-52_U",
    "O-55_L",
    "I-54_U",
    "I-56_U",
    "I-70_U",
    "I-71_U",
    "O-72_L",
    "I-75_U",
    "I-76_U",
    "O-77_L",
    "I-80_U",
    "I-94_U",
    "O-95_L"
  ],
  "skill_levels": [
    3,
    4,
    5
  ]
}