{
  "tasks_per_formation": {
    "f_3:2,4:1": [
      "O-9_L",
      "O-53_L"
    ],
    "f_3:1,4:1": [
      "O-20_L"
    ],
    "f_3:1,4:1,5:1": [
      "O-36_L"
    ],
    "f_3:2": [
      "O-49_L",
      "I-51_U",
      "O-30_L",
      "O-66_L",
      "I-48_U"
    ],
    "f_3:2,4:1,5:1": [
      "O-62_L"
    ]
  },
  "modes": {
    "O-49_L": {
      "f_3:2": 3
    },
    "I-51_U": {
      "f_3:2": 3
    },
    "O-62_L": {
      "f_3:2,4:1,5:1": 10
    },
    "O-9_L": {
      "f_3:2,4:1": 4
    },
    "O-30_L": {
      "f_3:2": 2
    },
    "O-53_L": {
      "f_3:2,4:1": 4
    },
    "O-20_L": {
      "f_3:1,4:1": 3
    },
    "O-66_L": {
      "f_3:2": 3
    },
    "I-48_U": {
      "f_3:2": 2
    },
    "O-36_L": {
      "f_3:1,4:1,5:1": 8
    }
  },
  "depot": "depot",
  "instants": [
    94,
    95,
    96,
    97,
    98,
    99,
    100,
    101,
    102,
    103,
    104,
    105,
    106,
    107,
    108,
    109,
    110,
    111,
    112,
    113,
    114,
    115
  ],
  "begin_horizon": 94,
  "end_horizon": 116,
  "earliest_start": {
    "O-49_L": 106,
    "I-51_U": 106,
    "O-62_L": 97,
    "O-9_L": 106,
    "O-30_L": 97,
    "O-53_L": 99,
    "O-20_L": 97,
    "O-66_L": 107,
    "I-48_U": 97,
    "O-36_L": 102
  },
  "latest_start": {
    "O-49_L": 109,
    "I-51_U": 108,
    "O-62_L": 97,
    "O-9_L": 107,
    "O-30_L": 99,
    "O-53_L": 100,
    "O-20_L": 98,
    "O-66_L": 109,
    "I-48_U": 99,
    "O-36_L": 105
  },
  "weights": {
    "O-49_L": 1.0,
    "I-51_U": 2.0,
    "O-62_L": 3.0,
    "O-9_L": 2.0,
    "O-30_L": 2.0,
    "O-53_L": 2.0,
    "O-20_L": 2.0,
    "O-66_L": 1.0,
    "I-48_U": 1.0,
    "O-36_L": 3.0
  },
  "workers_w_d": {
    "3": 4,
    "4": 2,
    "5": 1
  },
  "earliest_finish": {
    "O-49_L": 109,
    "I-51_U": 109,
    "O-62_L": 107,
    "O-9_L": 110,
    "O-30_L": 99,
    "O-53_L": 103,
    "O-20_L": 100,
    "O-66_L": 110,
    "I-48_U": 99,
    "O-36_L": 110
  },
  "formations": {
    "f_3:2,4:1": {
      "3": 2,
      "4": 1
    },
    "f_3:1,4:1": {
      "3": 1,
      "4": 1
    },
    "f_3:1,4:1,5:1": {
      "3": 1,
      "4": 1,
      "5": 1
    },
    "f_3:2": {
      "3": 2
    },
    "f_3:2,4:1,5:1": {
      "3": 2,
      "4": 1,
      "5": 1
    }
  },
  "modesSpeedID": {
    "O-49_L": {
      "f_3:2": "s"
    },
    "I-51_U": {
      "f_3:2": "s"
    },
    "O-62_L": {
      "f_3:2,4:1,5:1": "i"
    },
    "O-9_L": {
      "f_3:2,4:1": "i"
    },
    "O-30_L": {
      "f_3:2": "s"
    },
    "O-53_L": {
      "f_3:2,4:1": "i"
    },
    "O-20_L": {
      "f_3:1,4:1": "s"
    },
    "O-66_L": {
      "f_3:2": "s"
    },
    "I-48_U": {
      "f_3:2": "s"
    },
    "O-36_L": {
      "f_3:1,4:1,5:1": "s"
    }
  },
  "formations_w_d": {
    "f_3:2,4:1": {
      "3": 3,
      "4": 1
    },
    "f_3:1,4:1": {
      "3": 2,
      "4": 1
    },
    "f_3:1,4:1,5:1": {
      "3": 3,
      "4": 2,
      "5": 1
    },
    "f_3:2": {
      "3": 2
    },
    "f_3:2,4:1,5:1": {
      "3": 4,
      "4": 2,
      "5": 1
    }
  },
  "latest_finish": {
    "O-49_L": 112,
    "I-51_U": 111,
    "O-62_L": 107,
    "O-9_L": 111,
    "O-30_L": 101,
    "O-53_L": 104,
    "O-20_L": 101,
    "O-66_L": 112,
    "I-48_U": 101,
    "O-36_L": 113
  },
  "travel_times": {
    "O-49_L": {
      "O-49_L": 0,
      "I-51_U": 2,
      "depot": 1,
      "O-62_L": 1,
      "O-9_L": 2,
      "O-30_L": 2,
      "O-53_L": 1,
      "O-20_L": 1,
      "O-66_L": 1,
      "I-48_U": 0,
      "O-36_L": 1
    },
    "I-51_U": {
      "O-49_L": 2,
      "I-51_U": 0,
      "depot": 3,
      "O-62_L": 2,
      "O-9_L": 1,
      "O-30_L": 0,
      "O-53_L": 2,
      "O-20_L": 2,
      "O-66_L": 2,
      "I-48_U": 2,
      "O-36_L": 2
    },
    "depot": {
      "O-49_L": 1,
      "I-51_U": 3,
      "O-62_L": 1,
      "O-9_L": 3,
      "O-30_L": 3,
      "O-53_L": 2,
      "O-20_L": 1,
      "O-66_L": 1,
      "I-48_U": 1,
      "O-36_L": 2
    },
    "O-62_L": {
      "O-49_L": 1,
      "I-51_U": 2,
      "depot": 1,
      "O-62_L": 0,
      "O-9_L": 2,
      "O-30_L": 2,
      "O-53_L": 1,
      "O-20_L": 1,
      "O-66_L": 1,
      "I-48_U": 1,
      "O-36_L": 1
    },
    "O-9_L": {
      "O-49_L": 2,
      "I-51_U": 1,
      "depot": 3,
      "O-62_L": 2,
      "O-9_L": 0,
      "O-30_L": 1,
      "O-53_L": 2,
      "O-20_L": 2,
      "O-66_L": 2,
      "I-48_U": 2,
      "O-36_L": 2
    },
    "O-30_L": {
      "O-49_L": 2,
      "I-51_U": 0,
      "depot": 3,
      "O-62_L": 2,
      "O-9_L": 1,
      "O-30_L": 0,
      "O-53_L": 2,
      "O-20_L": 2,
      "O-66_L": 2,
      "I-48_U": 2,
      "O-36_L": 2
    },
    "O-53_L": {
      "O-49_L": 1,
      "I-51_U": 2,
      "depot": 2,
      "O-62_L": 1,
      "O-9_L": 2,
      "O-30_L": 2,
      "O-53_L": 0,
      "O-20_L": 1,
      "O-66_L": 1,
      "I-48_U": 1,
      "O-36_L": 1
    },
    "O-20_L": {
      "O-49_L": 1,
      "I-51_U": 2,
      "depot": 1,
      "O-62_L": 1,
      "O-9_L": 2,
      "O-30_L": 2,
      "O-53_L": 1,
      "O-20_L": 0,
      "O-66_L": 1,
      "I-48_U": 1,
      "O-36_L": 1
    },
    "O-66_L": {
      "O-49_L": 1,
      "I-51_U": 2,
      "depot": 1,
      "O-62_L": 1,
      "O-9_L": 2,
      "O-30_L": 2,
      "O-53_L": 1,
      "O-20_L": 1,
      "O-66_L": 0,
      "I-48_U": 1,
      "O-36_L": 1
    },
    "I-48_U": {
      "O-49_L": 0,
      "I-51_U": 2,
      "depot": 1,
      "O-62_L": 1,
      "O-9_L": 2,
      "O-30_L": 2,
      "O-53_L": 1,
      "O-20_L": 1,
      "O-66_L": 1,
      "I-48_U": 0,
      "O-36_L": 1
    },
    "O-36_L": {
      "O-49_L": 1,
      "I-51_U": 2,
      "depot": 2,
      "O-62_L": 1,
      "O-9_L": 2,
      "O-30_L": 2,
      "O-53_L": 1,
      "O-20_L": 1,
      "O-66_L": 1,
      "I-48_U": 1,
      "O-36_L": 0
    }
  },
  "workers": {
    "3": 2,
    "4": 1,
    "5": 1
  },
  "tasks": [
    "O-9_L",
    "O-20_L",
    "O-30_L",
    "O-36_L",
    "I-48_U",
    "O-49_L",
    "I-51_U",
    "O-53_L",
    "O-62_L",
    "O-66_L"
  ],
  "skill_levels": [
    3,
    4,
    5
  ]
}